event_id,game_id,legs,leg_count,candidate_probability,candidate_standard_error,incumbent_probability,independence_probability,candidate_independent_product,push_fraction,served_model,served_probability,fell_back,failure_reason,provenance_fingerprint,game_fell_back,min_eigenvalue,same_player_max_block_deviation,dependence_model_version,factor_spec_hash,published
2024-15907438-2leg_same_player-0,15907438,player 70 pts > 26.5|player 70 reb > 7.5,2,0.11505,0.0022562523961206114,0.1201,0.11505,0.08412246,0.0,incumbent,0.1201,False,,1c0b6822188b8c2574d5e2becb56c0a9479c0e64ef0744d43601143e7d3f666e,False,0.12855873381126903,1.1102230246251565e-16,game-latent-state-shadow-v1,3229bbc83a4388c270a21008a75afacc3479cfd6f6390c8737f041412d2f2eb4,False
2024-15907438-2leg_same_player-1,15907438,player 202 fg3m < 1.5|player 202 stl < 1.5,2,0.5303,0.0035290360581892613,0.52545,0.53025,0.51789456,0.0,incumbent,0.52545,False,,1c0b6822188b8c2574d5e2becb56c0a9479c0e64ef0744d43601143e7d3f666e,False,0.12855873381126903,1.1102230246251565e-16,game-latent-state-shadow-v1,3229bbc83a4388c270a21008a75afacc3479cfd6f6390c8737f041412d2f2eb4,False
2024-15907438-2leg_same_team-2,15907438,player 368 pts < 7.5|player 73 stl > 1.5,2,0.1503,0.0025269537985487586,0.15215,0.15125,0.1519352,0.0,incumbent,0.15215,False,,1c0b6822188b8c2574d5e2becb56c0a9479c0e64ef0744d43601143e7d3f666e,False,0.12855873381126903,1.1102230246251565e-16,game-latent-state-shadow-v1,3229bbc83a4388c270a21008a75afacc3479cfd6f6390c8737f041412d2f2eb4,False
2024-15907438-2leg_same_team-3,15907438,player 202 fg3m > 1.5|player 1028046422 reb > 2.5,2,0.1393,0.002448423063933192,0.1382,0.13805,0.13830784000000002,0.0,incumbent,0.1382,False,,1c0b6822188b8c2574d5e2becb56c0a9479c0e64ef0744d43601143e7d3f666e,False,0.12855873381126903,1.1102230246251565e-16,game-latent-state-shadow-v1,3229bbc83a4388c270a21008a75afacc3479cfd6f6390c8737f041412d2f2eb4,False
2024-15907438-2leg_cross_team-4,15907438,player 70 pts > 22.5|player 368 stl < 0.5,2,0.2721,0.0031469158711347847,0.27375,0.27205,0.27356777,0.0,incumbent,0.27375,False,,1c0b6822188b8c2574d5e2becb56c0a9479c0e64ef0744d43601143e7d3f666e,False,0.12855873381126903,1.1102230246251565e-16,game-latent-state-shadow-v1,3229bbc83a4388c270a21008a75afacc3479cfd6f6390c8737f041412d2f2eb4,False
2024-15907438-2leg_cross_team-5,15907438,player 18 stl > 0.5|player 70 reb > 7.5,2,0.1525,0.0025420832991859257,0.15245,0.15245,0.15023035999999998,0.0,incumbent,0.15245,False,,1c0b6822188b8c2574d5e2becb56c0a9479c0e64ef0744d43601143e7d3f666e,False,0.12855873381126903,1.1102230246251565e-16,game-latent-state-shadow-v1,3229bbc83a4388c270a21008a75afacc3479cfd6f6390c8737f041412d2f2eb4,False
2024-15907438-3leg_same_team-6,15907438,player 17896033 stl > 1.5|player 61 reb > 4.5|player 368 reb > 2.5,3,0.0122,0.0007762460949982293,0.01365,0.01245,0.012613004027500001,0.0,incumbent,0.01365,False,,1c0b6822188b8c2574d5e2becb56c0a9479c0e64ef0744d43601143e7d3f666e,False,0.12855873381126903,1.1102230246251565e-16,game-latent-state-shadow-v1,3229bbc83a4388c270a21008a75afacc3479cfd6f6390c8737f041412d2f2eb4,False
2024-15907438-3leg_same_team-7,15907438,player 447 ast > 3.5|player 18 pts < 14.5|player 17896033 ast < 2.5,3,0.1298,0.002376467546590948,0.13295,0.13285,0.1319283889875,0.0,incumbent,0.13295,False,,1c0b6822188b8c2574d5e2becb56c0a9479c0e64ef0744d43601143e7d3f666e,False,0.12855873381126903,1.1102230246251565e-16,game-latent-state-shadow-v1,3229bbc83a4388c270a21008a75afacc3479cfd6f6390c8737f041412d2f2eb4,False
2024-15907438-3leg_mixed-8,15907438,player 434 pts < 20.5|player 434 stl > 1.5|player 17896060 stl < 0.5,3,0.0646,0.0017382007939245685,0.06595,0.06435,0.075476070161,0.0,incumbent,0.06595,False,,1c0b6822188b8c2574d5e2becb56c0a9479c0e64ef0744d43601143e7d3f666e,False,0.12855873381126903,1.1102230246251565e-16,game-latent-state-shadow-v1,3229bbc83a4388c270a21008a75afacc3479cfd6f6390c8737f041412d2f2eb4,False
2024-15907438-3leg_mixed-9,15907438,player 18 fg3m > 2.5|player 18 pts < 9.5|player 61 fg3m > 2.5,3,0.00255,0.0003566158647620714,0.00255,0.0028,0.022731345575999994,0.0,incumbent,0.00255,False,,1c0b6822188b8c2574d5e2becb56c0a9479c0e64ef0744d43601143e7d3f666e,False,0.12855873381126903,1.1102230246251565e-16,game-latent-state-shadow-v1,3229bbc83a4388c270a21008a75afacc3479cfd6f6390c8737f041412d2f2eb4,False
2024-15907438-3leg_cross_team-10,15907438,player 18 reb > 3.5|player 434 pts > 28.5|player 214 stl > 2.5,3,0.02585,0.001122091295305333,0.0242,0.02545,0.025760615530000003,0.0,incumbent,0.0242,False,,1c0b6822188b8c2574d5e2becb56c0a9479c0e64ef0744d43601143e7d3f666e,False,0.12855873381126903,1.1102230246251565e-16,game-latent-state-shadow-v1,3229bbc83a4388c270a21008a75afacc3479cfd6f6390c8737f041412d2f2eb4,False
2024-15907438-3leg_cross_team-11,15907438,player 17896060 fg3m < 1.5|player 1028025498 reb > 3.5|player 73 pts < 27.5,3,0.07335,0.0018434990846214162,0.079,0.07435,0.075292135737,0.0,incumbent,0.079,False,,1c0b6822188b8c2574d5e2becb56c0a9479c0e64ef0744d43601143e7d3f666e,False,0.12855873381126903,1.1102230246251565e-16,game-latent-state-shadow-v1,3229bbc83a4388c270a21008a75afacc3479cfd6f6390c8737f041412d2f2eb4,False
2024-15907438-4leg_mixed-12,15907438,player 214 ast < 4.5|player 214 stl > 1.5|player 3547276 fg3m < 1.5|player 61 stl > 1.5,4,0.026,0.0011252555265360842,0.0271,0.02635,0.0269947617106167,0.0,incumbent,0.0271,False,,1c0b6822188b8c2574d5e2becb56c0a9479c0e64ef0744d43601143e7d3f666e,False,0.12855873381126903,1.1102230246251565e-16,game-latent-state-shadow-v1,3229bbc83a4388c270a21008a75afacc3479cfd6f6390c8737f041412d2f2eb4,False
2024-15907438-4leg_mixed-13,15907438,player 202 ast < 4.5|player 202 fg3m < 0.5|player 73 pts < 32.5|player 473 fg3m > 2.5,4,0.0894,0.002017518773146857,0.08745,0.0901,0.0818554288992118,0.0,incumbent,0.08745,False,,1c0b6822188b8c2574d5e2becb56c0a9479c0e64ef0744d43601143e7d3f666e,False,0.12855873381126903,1.1102230246251565e-16,game-latent-state-shadow-v1,3229bbc83a4388c270a21008a75afacc3479cfd6f6390c8737f041412d2f2eb4,False
2024-15907438-4leg_cross_team-14,15907438,player 73 pts > 27.5|player 61 stl < 0.5|player 17896060 stl < 0.5|player 219 pts > 9.5,4,0.0496,0.0015352498168050698,0.0502,0.0477,0.04996392379847221,0.0,incumbent,0.0502,False,,1c0b6822188b8c2574d5e2becb56c0a9479c0e64ef0744d43601143e7d3f666e,False,0.12855873381126903,1.1102230246251565e-16,game-latent-state-shadow-v1,3229bbc83a4388c270a21008a75afacc3479cfd6f6390c8737f041412d2f2eb4,False
2024-15907438-4leg_cross_team-15,15907438,player 17896060 stl < 0.5|player 434 pts < 24.5|player 1028046422 pts < 2.5|player 447 ast > 3.5,4,0.0374,0.0013416638923366762,0.0391,0.0389,0.04052109247935413,0.0,incumbent,0.0391,False,,1c0b6822188b8c2574d5e2becb56c0a9479c0e64ef0744d43601143e7d3f666e,False,0.12855873381126903,1.1102230246251565e-16,game-latent-state-shadow-v1,3229bbc83a4388c270a21008a75afacc3479cfd6f6390c8737f041412d2f2eb4,False
2024-15907558-2leg_same_player-0,15907558,player 387 fg3m < 2.5|player 387 ast > 5.5,2,0.25315,0.003074614427046097,0.25155,0.2533,0.251569635,0.0,incumbent,0.25155,False,,1c0b6822188b8c2574d5e2becb56c0a9479c0e64ef0744d43601143e7d3f666e,False,0.17169964288990006,1.1102230246251565e-16,game-latent-state-shadow-v1,3229bbc83a4388c270a21008a75afacc3479cfd6f6390c8737f041412d2f2eb4,False
2024-15907558-2leg_same_player-1,15907558,player 17896065 fg3m > 1.5|player 17896065 stl > 1.5,2,0.0832,0.0019529178170112536,0.0891,0.0834,0.07367851750000001,0.0,incumbent,0.0891,False,,1c0b6822188b8c2574d5e2becb56c0a9479c0e64ef0744d43601143e7d3f666e,False,0.17169964288990006,1.1102230246251565e-16,game-latent-state-shadow-v1,3229bbc83a4388c270a21008a75afacc3479cfd6f6390c8737f041412d2f2eb4,False
2024-15907558-2leg_same_team-2,15907558,player 667378 fg3m < 2.5|player 176 fg3m < 0.5,2,0.6847,0.003285467318358227,0.69095,0.6856,0.6846419025,0.0,incumbent,0.69095,False,,1c0b6822188b8c2574d5e2becb56c0a9479c0e64ef0744d43601143e7d3f666e,False,0.17169964288990006,1.1102230246251565e-16,game-latent-state-shadow-v1,3229bbc83a4388c270a21008a75afacc3479cfd6f6390c8737f041412d2f2eb4,False
2024-15907558-2leg_same_team-3,15907558,player 667378 stl < 1.5|player 3547238 ast < 5.5,2,0.52985,0.003529227801516927,0.5249,0.5267,0.5286626,0.0,incumbent,0.5249,False,,1c0b6822188b8c2574d5e2becb56c0a9479c0e64ef0744d43601143e7d3f666e,False,0.17169964288990006,1.1102230246251565e-16,game-latent-state-shadow-v1,3229bbc83a4388c270a21008a75afacc3479cfd6f6390c8737f041412d2f2eb4,False
2024-15907558-2leg_cross_team-4,15907558,player 3547259 stl > 1.5|player 460 stl < 1.5,2,0.15035,0.0025272997200569626,0.15585,0.1514,0.14937508000000002,0.0,incumbent,0.15585,False,,1c0b6822188b8c2574d5e2becb56c0a9479c0e64ef0744d43601143e7d3f666e,False,0.17169964288990006,1.1102230246251565e-16,game-latent-state-shadow-v1,3229bbc83a4388c270a21008a75afacc3479cfd6f6390c8737f041412d2f2eb4,False
2024-15907558-2leg_cross_team-5,15907558,player 104 fg3m > 2.5|player 38017719 fg3m < 0.5,2,0.21485,0.0029042165681987288,0.2202,0.2138,0.2164856325,0.0,incumbent,0.2202,False,,1c0b6822188b8c2574d5e2becb56c0a9479c0e64ef0744d43601143e7d3f666e,False,0.17169964288990006,1.1102230246251565e-16,game-latent-state-shadow-v1,3229bbc83a4388c270a21008a75afacc3479cfd6f6390c8737f041412d2f2eb4,False
2024-15907558-3leg_same_team-6,15907558,player 460 pts < 16.5|player 56677857 fg3m > 1.5|player 38017719 pts < 6.5,3,0.06455,0.001737574422866543,0.07,0.0648,0.06433715579025,0.0,incumbent,0.07,False,,1c0b6822188b8c2574d5e2becb56c0a9479c0e64ef0744d43601143e7d3f666e,False,0.17169964288990006,1.1102230246251565e-16,game-latent-state-shadow-v1,3229bbc83a4388c270a21008a75afacc3479cfd6f6390c8737f041412d2f2eb4,False
2024-15907558-3leg_same_team-7,15907558,player 17895983 pts < 9.5|player 460 fg3m > 2.5|player 1028025177 pts > 4.5,3,0.0347,0.0012941389029003032,0.0379,0.0351,0.038619274679999996,0.0,incumbent,0.0379,False,,1c0b6822188b8c2574d5e2becb56c0a9479c0e64ef0744d43601143e7d3f666e,False,0.17169964288990006,1.1102230246251565e-16,game-latent-state-shadow-v1,3229bbc83a4388c270a21008a75afacc3479cfd6f6390c8737f041412d2f2eb4,False
2024-15907558-3leg_mixed-8,15907558,player 38017719 pts > 4.5|player 38017719 stl < 0.5|player 1028025177 stl > 0.5,3,0.05115,0.0015577817160950375,0.0541,0.0514,0.067451702604,0.0,incumbent,0.0541,False,,1c0b6822188b8c2574d5e2becb56c0a9479c0e64ef0744d43601143e7d3f666e,False,0.17169964288990006,1.1102230246251565e-16,game-latent-state-shadow-v1,3229bbc83a4388c270a21008a75afacc3479cfd6f6390c8737f041412d2f2eb4,False
2024-15907558-3leg_mixed-9,15907558,player 666400 fg3m > 2.5|player 666400 pts > 5.5|player 176 reb > 11.5,3,0.09735,0.0020961032596224834,0.0968,0.09655,0.06546431559799999,0.0,incumbent,0.0968,False,,1c0b6822188b8c2574d5e2becb56c0a9479c0e64ef0744d43601143e7d3f666e,False,0.17169964288990006,1.1102230246251565e-16,game-latent-state-shadow-v1,3229bbc83a4388c270a21008a75afacc3479cfd6f6390c8737f041412d2f2eb4,False
2024-15907558-3leg_cross_team-10,15907558,player 3547238 pts < 25.5|player 460 fg3m > 2.5|player 3547264 pts < 8.5,3,0.0679,0.0017788983950748846,0.0703,0.06715,0.06755241807000001,0.0,incumbent,0.0703,False,,1c0b6822188b8c2574d5e2becb56c0a9479c0e64ef0744d43601143e7d3f666e,False,0.17169964288990006,1.1102230246251565e-16,game-latent-state-shadow-v1,3229bbc83a4388c270a21008a75afacc3479cfd6f6390c8737f041412d2f2eb4,False
2024-15907558-3leg_cross_team-11,15907558,player 17895983 reb > 2.5|player 387 reb > 6.5|player 666400 ast > 3.5,3,0.11765,0.0022782501783166834,0.11905,0.1175,0.11904599631375001,0.0,incumbent,0.11905,False,,1c0b6822188b8c2574d5e2becb56c0a9479c0e64ef0744d43601143e7d3f666e,False,0.17169964288990006,1.1102230246251565e-16,game-latent-state-shadow-v1,3229bbc83a4388c270a21008a75afacc3479cfd6f6390c8737f041412d2f2eb4,False
2024-15907558-4leg_mixed-12,15907558,player 17896065 stl > 1.5|player 17896065 fg3m > 1.5|player 666650 pts > 8.5|player 387 reb > 9.5,4,0.0073,0.0006019431036235899,0.0082,0.00705,0.006908284944234451,0.0,incumbent,0.0082,False,,1c0b6822188b8c2574d5e2becb56c0a9479c0e64ef0744d43601143e7d3f666e,False,0.17169964288990006,1.1102230246251565e-16,game-latent-state-shadow-v1,3229bbc83a4388c270a21008a75afacc3479cfd6f6390c8737f041412d2f2eb4,False
2024-15907558-4leg_mixed-13,15907558,player 666400 stl > 0.5|player 666400 reb > 1.5|player 176 stl > 1.5|player 3547264 ast > 1.5,4,0.01105,0.0007391852778566413,0.0119,0.01115,0.010660671869259099,0.0,incumbent,0.0119,False,,1c0b6822188b8c2574d5e2becb56c0a9479c0e64ef0744d43601143e7d3f666e,False,0.17169964288990006,1.1102230246251565e-16,game-latent-state-shadow-v1,3229bbc83a4388c270a21008a75afacc3479cfd6f6390c8737f041412d2f2eb4,False
2024-15907558-4leg_cross_team-14,15907558,player 3547248 fg3m < 1.5|player 17896065 pts > 13.5|player 176 fg3m < 0.5|player 131 pts < 12.5,4,0.1323,0.0023957953794095186,0.1353,0.13235,0.13466541071756566,0.0,incumbent,0.1353,False,,1c0b6822188b8c2574d5e2becb56c0a9479c0e64ef0744d43601143e7d3f666e,False,0.17169964288990006,1.1102230246251565e-16,game-latent-state-shadow-v1,3229bbc83a4388c270a21008a75afacc3479cfd6f6390c8737f041412d2f2eb4,False
2024-15907558-4leg_cross_team-15,15907558,player 38017719 stl < 0.5|player 17896065 ast > 7.5|player 3547259 reb > 3.5|player 104 pts > 9.5,4,0.0296,0.0011984122829811117,0.02855,0.02975,0.029639113083249298,0.0,incumbent,0.02855,False,,1c0b6822188b8c2574d5e2becb56c0a9479c0e64ef0744d43601143e7d3f666e,False,0.17169964288990006,1.1102230246251565e-16,game-latent-state-shadow-v1,3229bbc83a4388c270a21008a75afacc3479cfd6f6390c8737f041412d2f2eb4,False
2024-15907678-2leg_same_player-0,15907678,player 458 pts > 14.5|player 458 ast > 5.5,2,0.3098,0.0032697397449950047,0.3066,0.30935,0.2910816075,0.0,incumbent,0.3066,False,,1c0b6822188b8c2574d5e2becb56c0a9479c0e64ef0744d43601143e7d3f666e,False,0.18942293651834424,1.1102230246251565e-16,game-latent-state-shadow-v1,3229bbc83a4388c270a21008a75afacc3479cfd6f6390c8737f041412d2f2eb4,False
2024-15907678-2leg_same_player-1,15907678,player 19465326 stl > 0.5|player 19465326 reb < 4.5,2,0.142,0.0024681572073107496,0.1458,0.1416,0.16174736499999998,0.0,incumbent,0.1458,False,,1c0b6822188b8c2574d5e2becb56c0a9479c0e64ef0744d43601143e7d3f666e,False,0.18942293651834424,1.1102230246251565e-16,game-latent-state-shadow-v1,3229bbc83a4388c270a21008a75afacc3479cfd6f6390c8737f041412d2f2eb4,False
2024-15907678-2leg_same_team-2,15907678,player 56677850 ast > 2.5|player 3547242 ast > 3.5,2,0.1116,0.0022264932068164953,0.11225,0.10955,0.11135099250000002,0.0,incumbent,0.11225,False,,1c0b6822188b8c2574d5e2becb56c0a9479c0e64ef0744d43601143e7d3f666e,False,0.18942293651834424,1.1102230246251565e-16,game-latent-state-shadow-v1,3229bbc83a4388c270a21008a75afacc3479cfd6f6390c8737f041412d2f2eb4,False
2024-15907678-2leg_same_team-3,15907678,player 38017695 ast < 1.5|player 458 stl < 2.5,2,0.4235,0.0034939071968213466,0.4193,0.425,0.4235992075,0.0,incumbent,0.4193,False,,1c0b6822188b8c2574d5e2becb56c0a9479c0e64ef0744d43601143e7d3f666e,False,0.18942293651834424,1.1102230246251565e-16,game-latent-state-shadow-v1,3229bbc83a4388c270a21008a75afacc3479cfd6f6390c8737f041412d2f2eb4,False
2024-15907678-2leg_cross_team-4,15907678,player 3547242 fg3m > 0.5|player 56677825 reb < 6.5,2,0.2756,0.003159467043664168,0.26785,0.27435,0.272961205,0.0,incumbent,0.26785,False,,1c0b6822188b8c2574d5e2becb56c0a9479c0e64ef0744d43601143e7d3f666e,False,0.18942293651834424,1.1102230246251565e-16,game-latent-state-shadow-v1,3229bbc83a4388c270a21008a75afacc3479cfd6f6390c8737f041412d2f2eb4,False
2024-15907678-2leg_cross_team-5,15907678,player 19465326 stl > 0.5|player 56677829 reb > 2.5,2,0.09795,0.002101853913810377,0.10075,0.09645,0.09701691999999999,0.0,incumbent,0.10075,False,,1c0b6822188b8c2574d5e2becb56c0a9479c0e64ef0744d43601143e7d3f666e,False,0.18942293651834424,1.1102230246251565e-16,game-latent-state-shadow-v1,3229bbc83a4388c270a21008a75afacc3479cfd6f6390c8737f041412d2f2eb4,False
2024-15907678-3leg_same_team-6,15907678,player 38017695 ast > 2.5|player 17896062 stl < 1.5|player 19465326 pts > 6.5,3,0.04595,0.0014805167594458362,0.04235,0.0428,0.043273120824,0.0,incumbent,0.04235,False,,1c0b6822188b8c2574d5e2becb56c0a9479c0e64ef0744d43601143e7d3f666e,False,0.18942293651834424,1.1102230246251565e-16,game-latent-state-shadow-v1,3229bbc83a4388c270a21008a75afacc3479cfd6f6390c8737f041412d2f2eb4,False
2024-15907678-3leg_same_team-7,15907678,player 66 stl > 1.5|player 38017695 pts < 12.5|player 19465326 reb > 3.5,3,0.06095,0.0016916722126345872,0.0624,0.06115,0.061840415364,0.0,incumbent,0.0624,False,,1c0b6822188b8c2574d5e2becb56c0a9479c0e64ef0744d43601143e7d3f666e,False,0.18942293651834424,1.1102230246251565e-16,game-latent-state-shadow-v1,3229bbc83a4388c270a21008a75afacc3479cfd6f6390c8737f041412d2f2eb4,False
2024-15907678-3leg_mixed-8,15907678,player 38017690 fg3m > 1.5|player 38017690 ast < 3.5|player 56677850 pts < 8.5,3,0.18355,0.0027373289672598723,0.17745,0.1809,0.18963823543199998,0.0,incumbent,0.17745,False,,1c0b6822188b8c2574d5e2becb56c0a9479c0e64ef0744d43601143e7d3f666e,False,0.18942293651834424,1.1102230246251565e-16,game-latent-state-shadow-v1,3229bbc83a4388c270a21008a75afacc3479cfd6f6390c8737f041412d2f2eb4,False
2024-15907678-3leg_mixed-9,15907678,player 1028028519 reb > 2.5|player 1028028519 ast > 2.5|player 458 fg3m > 2.5,3,0.0637,0.0017268802795793346,0.05995,0.0613,0.04662383686025,0.0,incumbent,0.05995,False,,1c0b6822188b8c2574d5e2becb56c0a9479c0e64ef0744d43601143e7d3f666e,False,0.18942293651834424,1.1102230246251565e-16,game-latent-state-shadow-v1,3229bbc83a4388c270a21008a75afacc3479cfd6f6390c8737f041412d2f2eb4,False
2024-15907678-3leg_cross_team-10,15907678,player 1028025344 ast > 0.5|player 66 pts > 9.5|player 38017695 reb > 8.5,3,0.0941,0.0020645240371572333,0.09255,0.0942,0.09433896882375,0.0,incumbent,0.09255,False,,1c0b6822188b8c2574d5e2becb56c0a9479c0e64ef0744d43601143e7d3f666e,False,0.18942293651834424,1.1102230246251565e-16,game-latent-state-shadow-v1,3229bbc83a4388c270a21008a75afacc3479cfd6f6390c8737f041412d2f2eb4,False
2024-15907678-3leg_cross_team-11,15907678,player 56677829 fg3m < 0.5|player 17896062 reb < 8.5|player 1028028519 reb > 2.5,3,0.0574,0.0016447680687562,0.056,0.05765,0.05809245966,0.0,incumbent,0.056,False,,1c0b6822188b8c2574d5e2becb56c0a9479c0e64ef0744d43601143e7d3f666e,False,0.18942293651834424,1.1102230246251565e-16,game-latent-state-shadow-v1,3229bbc83a4388c270a21008a75afacc3479cfd6f6390c8737f041412d2f2eb4,False
2024-15907678-4leg_mixed-12,15907678,player 56677825 pts < 10.5|player 56677825 fg3m > 0.5|player 17896062 pts < 19.5|player 419 reb > 1.5,4,0.0096,0.0006894867656452877,0.011,0.00955,0.028102273020591255,0.0,incumbent,0.011,False,,1c0b6822188b8c2574d5e2becb56c0a9479c0e64ef0744d43601143e7d3f666e,False,0.18942293651834424,1.1102230246251565e-16,game-latent-state-shadow-v1,3229bbc83a4388c270a21008a75afacc3479cfd6f6390c8737f041412d2f2eb4,False
2024-15907678-4leg_mixed-13,15907678,player 182 stl < 1.5|player 182 fg3m < 2.5|player 56783340 ast < 1.5|player 1028028519 stl < 0.5,4,0.2256,0.002955542589779413,0.2221,0.2256,0.22169277660653391,0.0,incumbent,0.2221,False,,1c0b6822188b8c2574d5e2becb56c0a9479c0e64ef0744d43601143e7d3f666e,False,0.18942293651834424,1.1102230246251565e-16,game-latent-state-shadow-v1,3229bbc83a4388c270a21008a75afacc3479cfd6f6390c8737f041412d2f2eb4,False
2024-15907678-4leg_cross_team-14,15907678,player 182 stl > 1.5|player 1028025344 pts < 7.5|player 19465326 reb < 4.5|player 56677825 ast > 2.5,4,0.03615,0.0013199086616126133,0.0362,0.03685,0.035509656109364934,0.0,incumbent,0.0362,False,,1c0b6822188b8c2574d5e2becb56c0a9479c0e64ef0744d43601143e7d3f666e,False,0.18942293651834424,1.1102230246251565e-16,game-latent-state-shadow-v1,3229bbc83a4388c270a21008a75afacc3479cfd6f6390c8737f041412d2f2eb4,False
2024-15907678-4leg_cross_team-15,15907678,player 182 fg3m < 1.5|player 38017690 ast > 1.5|player 19465326 reb < 3.5|player 458 pts < 14.5,4,0.07135,0.0018201535306121845,0.0701,0.07135,0.06963922453788837,0.0,incumbent,0.0701,False,,1c0b6822188b8c2574d5e2becb56c0a9479c0e64ef0744d43601143e7d3f666e,False,0.18942293651834424,1.1102230246251565e-16,game-latent-state-shadow-v1,3229bbc83a4388c270a21008a75afacc3479cfd6f6390c8737f041412d2f2eb4,False
2024-15907798-2leg_same_player-0,15907798,player 17896078 pts > 5.5|player 17896078 fg3m > 0.5,2,0.34025,0.003350223406729766,0.33835,0.3419,0.22946492000000002,0.0,incumbent,0.33835,False,,1c0b6822188b8c2574d5e2becb56c0a9479c0e64ef0744d43601143e7d3f666e,False,0.16711622434650947,1.1102230246251565e-16,game-latent-state-shadow-v1,3229bbc83a4388c270a21008a75afacc3479cfd6f6390c8737f041412d2f2eb4,False
2024-15907798-2leg_same_player-1,15907798,player 666541 ast < 1.5|player 666541 stl < 1.5,2,0.45145,0.003518827201639774,0.44725,0.4506,0.4282824,0.0,incumbent,0.44725,False,,1c0b6822188b8c2574d5e2becb56c0a9479c0e64ef0744d43601143e7d3f666e,False,0.16711622434650947,1.1102230246251565e-16,game-latent-state-shadow-v1,3229bbc83a4388c270a21008a75afacc3479cfd6f6390c8737f041412d2f2eb4,False
2024-15907798-2leg_same_team-2,15907798,player 81 ast > 1.5|player 85 ast > 1.5,2,0.30775,0.0032637397069925785,0.2975,0.30665,0.30439616999999997,0.0,incumbent,0.2975,False,,1c0b6822188b8c2574d5e2becb56c0a9479c0e64ef0744d43601143e7d3f666e,False,0.16711622434650947,1.1102230246251565e-16,game-latent-state-shadow-v1,3229bbc83a4388c270a21008a75afacc3479cfd6f6390c8737f041412d2f2eb4,False
2024-15907798-2leg_same_team-3,15907798,player 81 ast < 2.5|player 17896073 pts > 21.5,2,0.2267,0.0029606343070362473,0.2284,0.22945,0.2302040125,0.0,incumbent,0.2284,False,,1c0b6822188b8c2574d5e2becb56c0a9479c0e64ef0744d43601143e7d3f666e,False,0.16711622434650947,1.1102230246251565e-16,game-latent-state-shadow-v1,3229bbc83a4388c270a21008a75afacc3479cfd6f6390c8737f041412d2f2eb4,False
2024-15907798-2leg_cross_team-4,15907798,player 89 ast < 3.5|player 17896073 ast > 4.5,2,0.3532,0.0033797171479282113,0.35755,0.3543,0.354459145,0.0,incumbent,0.35755,False,,1c0b6822188b8c2574d5e2becb56c0a9479c0e64ef0744d43601143e7d3f666e,False,0.16711622434650947,1.1102230246251565e-16,game-latent-state-shadow-v1,3229bbc83a4388c270a21008a75afacc3479cfd6f6390c8737f041412d2f2eb4,False
2024-15907798-2leg_cross_team-5,15907798,player 17896078 ast > 1.5|player 56677827 fg3m > 1.5,2,0.03655,0.0013269155493097517,0.0384,0.03565,0.037034925,0.0,incumbent,0.0384,False,,1c0b6822188b8c2574d5e2becb56c0a9479c0e64ef0744d43601143e7d3f666e,False,0.16711622434650947,1.1102230246251565e-16,game-latent-state-shadow-v1,3229bbc83a4388c270a21008a75afacc3479cfd6f6390c8737f041412d2f2eb4,False
2024-15907798-3leg_same_team-6,15907798,player 462 ast < 1.5|player 1028025497 stl < 0.5|player 85 stl > 0.5,3,0.15745,0.0025754562459882717,0.15575,0.15835,0.15677793297375,0.0,incumbent,0.15575,False,,1c0b6822188b8c2574d5e2becb56c0a9479c0e64ef0744d43601143e7d3f666e,False,0.16711622434650947,1.1102230246251565e-16,game-latent-state-shadow-v1,3229bbc83a4388c270a21008a75afacc3479cfd6f6390c8737f041412d2f2eb4,False
2024-15907798-3leg_same_team-7,15907798,player 3547251 reb > 1.5|player 1028025497 stl > 0.5|player 56677827 fg3m > 0.5,3,0.0773,0.0018884479076744477,0.07665,0.0768,0.07721028742500001,0.0,incumbent,0.07665,False,,1c0b6822188b8c2574d5e2becb56c0a9479c0e64ef0744d43601143e7d3f666e,False,0.16711622434650947,1.1102230246251565e-16,game-latent-state-shadow-v1,3229bbc83a4388c270a21008a75afacc3479cfd6f6390c8737f041412d2f2eb4,False
2024-15907798-3leg_mixed-8,15907798,player 229 stl < 0.5|player 229 ast > 1.5|player 666442 ast < 3.5,3,0.0325,0.0012538690122975366,0.03335,0.0327,0.040540310854000006,0.0,incumbent,0.03335,False,,1c0b6822188b8c2574d5e2becb56c0a9479c0e64ef0744d43601143e7d3f666e,False,0.16711622434650947,1.1102230246251565e-16,game-latent-state-shadow-v1,3229bbc83a4388c270a21008a75afacc3479cfd6f6390c8737f041412d2f2eb4,False
2024-15907798-3leg_mixed-9,15907798,player 3547251 fg3m > 1.5|player 3547251 stl > 0.5|player 229 fg3m < 1.5,3,0.04855,0.0015197515833188001,0.0485,0.0491,0.04341834787499999,0.0,incumbent,0.0485,False,,1c0b6822188b8c2574d5e2becb56c0a9479c0e64ef0744d43601143e7d3f666e,False,0.16711622434650947,1.1102230246251565e-16,game-latent-state-shadow-v1,3229bbc83a4388c270a21008a75afacc3479cfd6f6390c8737f041412d2f2eb4,False
2024-15907798-3leg_cross_team-10,15907798,player 1028025497 stl < 0.5|player 175 fg3m > 2.5|player 480 ast < 0.5,3,0.08155,0.0019351950483090846,0.08295,0.0854,0.0833394740915,0.0,incumbent,0.08295,False,,1c0b6822188b8c2574d5e2becb56c0a9479c0e64ef0744d43601143e7d3f666e,False,0.16711622434650947,1.1102230246251565e-16,game-latent-state-shadow-v1,3229bbc83a4388c270a21008a75afacc3479cfd6f6390c8737f041412d2f2eb4,False
2024-15907798-3leg_cross_team-11,15907798,player 56677833 ast > 1.5|player 17896073 reb > 3.5|player 56677827 pts < 6.5,3,0.1393,0.002448423063933192,0.1433,0.1395,0.13957177691925,0.0,incumbent,0.1433,False,,1c0b6822188b8c2574d5e2becb56c0a9479c0e64ef0744d43601143e7d3f666e,False,0.16711622434650947,1.1102230246251565e-16,game-latent-state-shadow-v1,3229bbc83a4388c270a21008a75afacc3479cfd6f6390c8737f041412d2f2eb4,False
2024-15907798-4leg_mixed-12,15907798,player 56677827 pts < 9.5|player 56677827 ast > 3.5|player 3547251 ast < 1.5|player 17896078 stl < 0.5,4,0.0606,0.001687122402198489,0.06135,0.06045,0.07268070038916438,0.0,incumbent,0.06135,False,,1c0b6822188b8c2574d5e2becb56c0a9479c0e64ef0744d43601143e7d3f666e,False,0.16711622434650947,1.1102230246251565e-16,game-latent-state-shadow-v1,3229bbc83a4388c270a21008a75afacc3479cfd6f6390c8737f041412d2f2eb4,False
2024-15907798-4leg_mixed-13,15907798,player 56677833 stl > 1.5|player 56677833 fg3m > 1.5|player 38017703 ast > 4.5|player 666442 ast > 2.5,4,0.02985,0.0012033074731754973,0.02865,0.0291,0.029827974687000002,0.0,incumbent,0.02865,False,,1c0b6822188b8c2574d5e2becb56c0a9479c0e64ef0744d43601143e7d3f666e,False,0.16711622434650947,1.1102230246251565e-16,game-latent-state-shadow-v1,3229bbc83a4388c270a21008a75afacc3479cfd6f6390c8737f041412d2f2eb4,False
2024-15907798-4leg_cross_team-14,15907798,player 85 stl < 1.5|player 462 reb > 5.5|player 3547272 fg3m < 2.5|player 56677833 pts > 7.5,4,0.13855,0.002442886586602006,0.13505,0.13955,0.13887959186621976,0.0,incumbent,0.13505,False,,1c0b6822188b8c2574d5e2becb56c0a9479c0e64ef0744d43601143e7d3f666e,False,0.16711622434650947,1.1102230246251565e-16,game-latent-state-shadow-v1,3229bbc83a4388c270a21008a75afacc3479cfd6f6390c8737f041412d2f2eb4,False
2024-15907798-4leg_cross_team-15,15907798,player 89 ast < 2.5|player 175 reb > 5.5|player 462 fg3m > 1.5|player 1028025497 fg3m < 1.5,4,0.04725,0.0015002905968511566,0.05155,0.0467,0.04860509129378787,0.0,incumbent,0.05155,False,,1c0b6822188b8c2574d5e2becb56c0a9479c0e64ef0744d43601143e7d3f666e,False,0.16711622434650947,1.1102230246251565e-16,game-latent-state-shadow-v1,3229bbc83a4388c270a21008a75afacc3479cfd6f6390c8737f041412d2f2eb4,False
2024-15907918-2leg_same_player-0,15907918,player 38017696 ast > 2.5|player 38017696 pts < 12.5,2,0.26305,0.003113315736477751,0.263,0.264,0.2968362,0.0,incumbent,0.263,False,,1c0b6822188b8c2574d5e2becb56c0a9479c0e64ef0744d43601143e7d3f666e,False,0.12519647555299313,1.1102230246251565e-16,game-latent-state-shadow-v1,3229bbc83a4388c270a21008a75afacc3479cfd6f6390c8737f041412d2f2eb4,False
2024-15907918-2leg_same_player-1,15907918,player 3092 reb > 3.5|player 3092 ast > 1.5,2,0.23835,0.00301280000580855,0.24175,0.2385,0.18965736,0.0,incumbent,0.24175,False,,1c0b6822188b8c2574d5e2becb56c0a9479c0e64ef0744d43601143e7d3f666e,False,0.12519647555299313,1.1102230246251565e-16,game-latent-state-shadow-v1,3229bbc83a4388c270a21008a75afacc3479cfd6f6390c8737f041412d2f2eb4,False
2024-15907918-2leg_same_team-2,15907918,player 19465584 pts < 1.5|player 101 ast > 2.5,2,0.14405,0.0024829377509313437,0.1538,0.1536,0.151962075,0.0,incumbent,0.1538,False,,1c0b6822188b8c2574d5e2becb56c0a9479c0e64ef0744d43601143e7d3f666e,False,0.12519647555299313,1.1102230246251565e-16,game-latent-state-shadow-v1,3229bbc83a4388c270a21008a75afacc3479cfd6f6390c8737f041412d2f2eb4,False
2024-15907918-2leg_same_team-3,15907918,player 666633 pts > 23.5|player 38017696 ast < 2.5,2,0.26445,0.003118623073569488,0.2648,0.27015,0.27238302000000003,0.0,incumbent,0.2648,False,,1c0b6822188b8c2574d5e2becb56c0a9479c0e64ef0744d43601143e7d3f666e,False,0.12519647555299313,1.1102230246251565e-16,game-latent-state-shadow-v1,3229bbc83a4388c270a21008a75afacc3479cfd6f6390c8737f041412d2f2eb4,False
2024-15907918-2leg_cross_team-4,15907918,player 4 reb < 11.5|player 101 fg3m < 1.5,2,0.4161,0.0034854037786173357,0.40005,0.4168,0.4158221425,0.0,incumbent,0.40005,False,,1c0b6822188b8c2574d5e2becb56c0a9479c0e64ef0744d43601143e7d3f666e,False,0.12519647555299313,1.1102230246251565e-16,game-latent-state-shadow-v1,3229bbc83a4388c270a21008a75afacc3479cfd6f6390c8737f041412d2f2eb4,False
2024-15907918-2leg_cross_team-5,15907918,player 38017630 stl > 0.5|player 666633 pts > 19.5,2,0.219,0.0029243717273971857,0.21945,0.22015,0.21969779999999997,0.0,incumbent,0.21945,False,,1c0b6822188b8c2574d5e2becb56c0a9479c0e64ef0744d43601143e7d3f666e,False,0.12519647555299313,1.1102230246251565e-16,game-latent-state-shadow-v1,3229bbc83a4388c270a21008a75afacc3479cfd6f6390c8737f041412d2f2eb4,False
2024-15907918-3leg_same_team-6,15907918,player 403 fg3m > 2.5|player 1028029127 fg3m > 0.5|player 77 pts > 7.5,3,0.0491,0.0015278938117552542,0.0488,0.04995,0.048739389638500004,0.0,incumbent,0.0488,False,,1c0b6822188b8c2574d5e2becb56c0a9479c0e64ef0744d43601143e7d3f666e,False,0.12519647555299313,1.1102230246251565e-16,game-latent-state-shadow-v1,3229bbc83a4388c270a21008a75afacc3479cfd6f6390c8737f041412d2f2eb4,False
2024-15907918-3leg_same_team-7,15907918,player 56677785 pts > 8.5|player 403 stl > 1.5|player 77 fg3m > 2.5,3,0.02565,0.0011178568222272474,0.02645,0.0252,0.027064780627500003,0.0,incumbent,0.02645,False,,1c0b6822188b8c2574d5e2becb56c0a9479c0e64ef0744d43601143e7d3f666e,False,0.12519647555299313,1.1102230246251565e-16,game-latent-state-shadow-v1,3229bbc83a4388c270a21008a75afacc3479cfd6f6390c8737f041412d2f2eb4,False
2024-15907918-3leg_mixed-8,15907918,player 403 reb > 4.5|player 403 pts > 17.5|player 4 ast < 5.5,3,0.1002,0.0021232046533483295,0.10705,0.10265,0.08170619242499999,0.0,incumbent,0.10705,False,,1c0b6822188b8c2574d5e2becb56c0a9479c0e64ef0744d43601143e7d3f666e,False,0.12519647555299313,1.1102230246251565e-16,game-latent-state-shadow-v1,3229bbc83a4388c270a21008a75afacc3479cfd6f6390c8737f041412d2f2eb4,False
2024-15907918-3leg_mixed-9,15907918,player 56677785 stl < 1.5|player 56677785 pts < 6.5|player 38017696 pts > 8.5,3,0.175,0.0026867731575255845,0.1693,0.17445,0.15984415706500002,0.0,incumbent,0.1693,False,,1c0b6822188b8c2574d5e2becb56c0a9479c0e64ef0744d43601143e7d3f666e,False,0.12519647555299313,1.1102230246251565e-16,game-latent-state-shadow-v1,3229bbc83a4388c270a21008a75afacc3479cfd6f6390c8737f041412d2f2eb4,False
2024-15907918-3leg_cross_team-10,15907918,player 100 pts < 21.5|player 1028029127 reb > 4.5|player 4 pts > 21.5,3,0.06625,0.0017587060229043397,0.0685,0.0652,0.067533674556,0.0,incumbent,0.0685,False,,1c0b6822188b8c2574d5e2becb56c0a9479c0e64ef0744d43601143e7d3f666e,False,0.12519647555299313,1.1102230246251565e-16,game-latent-state-shadow-v1,3229bbc83a4388c270a21008a75afacc3479cfd6f6390c8737f041412d2f2eb4,False
2024-15907918-3leg_cross_team-11,15907918,player 1028029127 ast > 0.5|player 1028025362 stl > 0.5|player 38017630 reb > 3.5,3,0.05695,0.0016386991410872222,0.05535,0.0564,0.056829272891999995,0.0,incumbent,0.05535,False,,1c0b6822188b8c2574d5e2becb56c0a9479c0e64ef0744d43601143e7d3f666e,False,0.12519647555299313,1.1102230246251565e-16,game-latent-state-shadow-v1,3229bbc83a4388c270a21008a75afacc3479cfd6f6390c8737f041412d2f2eb4,False
2024-15907918-4leg_mixed-12,15907918,player 1028025362 ast > 4.5|player 1028025362 pts > 4.5|player 38017630 reb < 2.5|player 397 ast > 3.5,4,0.0272,0.0011502208483591314,0.0253,0.02685,0.022316508568565662,0.0,incumbent,0.0253,False,,1c0b6822188b8c2574d5e2becb56c0a9479c0e64ef0744d43601143e7d3f666e,False,0.12519647555299313,1.1102230246251565e-16,game-latent-state-shadow-v1,3229bbc83a4388c270a21008a75afacc3479cfd6f6390c8737f041412d2f2eb4,False
2024-15907918-4leg_mixed-13,15907918,player 4 pts < 21.5|player 4 stl < 1.5|player 77 pts > 9.5|player 1028025362 reb > 3.5,4,0.02275,0.001054334802138296,0.0239,0.0218,0.022514390823592804,0.0,incumbent,0.0239,False,,1c0b6822188b8c2574d5e2becb56c0a9479c0e64ef0744d43601143e7d3f666e,False,0.12519647555299313,1.1102230246251565e-16,game-latent-state-shadow-v1,3229bbc83a4388c270a21008a75afacc3479cfd6f6390c8737f041412d2f2eb4,False
2024-15907918-4leg_cross_team-14,15907918,player 56677834 pts > 12.5|player 100 pts < 17.5|player 38017696 ast > 2.5|player 56677785 ast > 1.5,4,0.09245,0.002048206502040261,0.0942,0.0925,0.09133805191536,0.0,incumbent,0.0942,False,,1c0b6822188b8c2574d5e2becb56c0a9479c0e64ef0744d43601143e7d3f666e,False,0.12519647555299313,1.1102230246251565e-16,game-latent-state-shadow-v1,3229bbc83a4388c270a21008a75afacc3479cfd6f6390c8737f041412d2f2eb4,False
2024-15907918-4leg_cross_team-15,15907918,player 19465584 stl > 0.5|player 101 reb < 8.5|player 38017696 reb < 5.5|player 77 stl < 0.5,4,0.0508,0.0015527292101329196,0.0545,0.0511,0.05447496984621119,0.0,incumbent,0.0545,False,,1c0b6822188b8c2574d5e2becb56c0a9479c0e64ef0744d43601143e7d3f666e,False,0.12519647555299313,1.1102230246251565e-16,game-latent-state-shadow-v1,3229bbc83a4388c270a21008a75afacc3479cfd6f6390c8737f041412d2f2eb4,False
2024-15908038-2leg_same_player-0,15908038,player 104 reb < 1.5|player 104 stl > 1.5,2,0.07115,0.001817796433872616,0.0757,0.0706,0.08200822,0.0,incumbent,0.0757,False,,1c0b6822188b8c2574d5e2becb56c0a9479c0e64ef0744d43601143e7d3f666e,False,0.15760572007131193,1.1102230246251565e-16,game-latent-state-shadow-v1,3229bbc83a4388c270a21008a75afacc3479cfd6f6390c8737f041412d2f2eb4,False
2024-15908038-2leg_same_player-1,15908038,player 176 stl < 1.5|player 176 fg3m < 0.5,2,0.80685,0.002791442973624932,0.80905,0.8076,0.8070390049999999,0.0,incumbent,0.80905,False,,1c0b6822188b8c2574d5e2becb56c0a9479c0e64ef0744d43601143e7d3f666e,False,0.15760572007131193,1.1102230246251565e-16,game-latent-state-shadow-v1,3229bbc83a4388c270a21008a75afacc3479cfd6f6390c8737f041412d2f2eb4,False
2024-15908038-2leg_same_team-2,15908038,player 1028039105 reb < 4.5|player 254 ast > 3.5,2,0.2326,0.0029874507527321683,0.23525,0.23385,0.23504168749999999,0.0,incumbent,0.23525,False,,1c0b6822188b8c2574d5e2becb56c0a9479c0e64ef0744d43601143e7d3f666e,False,0.15760572007131193,1.1102230246251565e-16,game-latent-state-shadow-v1,3229bbc83a4388c270a21008a75afacc3479cfd6f6390c8737f041412d2f2eb4,False
2024-15908038-2leg_same_team-3,15908038,player 1028025754 reb < 5.5|player 231 reb > 7.5,2,0.12245,0.002317930084148355,0.1177,0.1227,0.12432783500000001,0.0,incumbent,0.1177,False,,1c0b6822188b8c2574d5e2becb56c0a9479c0e64ef0744d43601143e7d3f666e,False,0.15760572007131193,1.1102230246251565e-16,game-latent-state-shadow-v1,3229bbc83a4388c270a21008a75afacc3479cfd6f6390c8737f041412d2f2eb4,False
2024-15908038-2leg_cross_team-4,15908038,player 666505 ast < 1.5|player 387 stl < 0.5,2,0.37135,0.003416498042586883,0.3724,0.37025,0.3734704575,0.0,incumbent,0.3724,False,,1c0b6822188b8c2574d5e2becb56c0a9479c0e64ef0744d43601143e7d3f666e,False,0.15760572007131193,1.1102230246251565e-16,game-latent-state-shadow-v1,3229bbc83a4388c270a21008a75afacc3479cfd6f6390c8737f041412d2f2eb4,False
2024-15908038-2leg_cross_team-5,15908038,player 176 ast > 1.5|player 231 ast > 2.5,2,0.2223,0.00294009107001807,0.21525,0.22175,0.2191501875,0.0,incumbent,0.21525,False,,1c0b6822188b8c2574d5e2becb56c0a9479c0e64ef0744d43601143e7d3f666e,False,0.15760572007131193,1.1102230246251565e-16,game-latent-state-shadow-v1,3229bbc83a4388c270a21008a75afacc3479cfd6f6390c8737f041412d2f2eb4,False
2024-15908038-3leg_same_team-6,15908038,player 17896103 stl > 0.5|player 254 pts < 7.5|player 38017728 reb > 3.5,3,0.061,0.0016923208915569175,0.0608,0.062,0.06333207912,0.0,incumbent,0.0608,False,,1c0b6822188b8c2574d5e2becb56c0a9479c0e64ef0744d43601143e7d3f666e,False,0.15760572007131193,1.1102230246251565e-16,game-latent-state-shadow-v1,3229bbc83a4388c270a21008a75afacc3479cfd6f6390c8737f041412d2f2eb4,False
2024-15908038-3leg_same_team-7,15908038,player 3547259 stl > 1.5|player 104 ast > 3.5|player 176 pts > 8.5,3,0.0966,0.002088880561449122,0.09375,0.093,0.09322246407600002,0.0,incumbent,0.09375,False,,1c0b6822188b8c2574d5e2becb56c0a9479c0e64ef0744d43601143e7d3f666e,False,0.15760572007131193,1.1102230246251565e-16,game-latent-state-shadow-v1,3229bbc83a4388c270a21008a75afacc3479cfd6f6390c8737f041412d2f2eb4,False
2024-15908038-3leg_mixed-8,15908038,player 3547259 fg3m > 1.5|player 3547259 stl > 1.5|player 666400 pts < 7.5,3,0.0789,0.0019062369999556718,0.0765,0.0784,0.07534565848425001,0.0,incumbent,0.0765,False,,1c0b6822188b8c2574d5e2becb56c0a9479c0e64ef0744d43601143e7d3f666e,False,0.15760572007131193,1.1102230246251565e-16,game-latent-state-shadow-v1,3229bbc83a4388c270a21008a75afacc3479cfd6f6390c8737f041412d2f2eb4,False
2024-15908038-3leg_mixed-9,15908038,player 3547287 ast > 6.5|player 3547287 pts > 21.5|player 1028039105 fg3m > 3.5,3,0.0299,0.0012042838120642492,0.0326,0.029,0.026151517119,0.0,incumbent,0.0326,False,,1c0b6822188b8c2574d5e2becb56c0a9479c0e64ef0744d43601143e7d3f666e,False,0.15760572007131193,1.1102230246251565e-16,game-latent-state-shadow-v1,3229bbc83a4388c270a21008a75afacc3479cfd6f6390c8737f041412d2f2eb4,False
2024-15908038-3leg_cross_team-10,15908038,player 1028039105 stl > 1.5|player 387 fg3m > 2.5|player 666400 stl > 0.5,3,0.0141,0.000833702284991471,0.0152,0.01395,0.01439591287375,0.0,incumbent,0.0152,False,,1c0b6822188b8c2574d5e2becb56c0a9479c0e64ef0744d43601143e7d3f666e,False,0.15760572007131193,1.1102230246251565e-16,game-latent-state-shadow-v1,3229bbc83a4388c270a21008a75afacc3479cfd6f6390c8737f041412d2f2eb4,False
2024-15908038-3leg_cross_team-11,15908038,player 254 pts > 7.5|player 666400 stl < 1.5|player 1028025639 stl < 0.5,3,0.3556,0.003384882863556729,0.3545,0.3562,0.35534350672799997,0.0,incumbent,0.3545,False,,1c0b6822188b8c2574d5e2becb56c0a9479c0e64ef0744d43601143e7d3f666e,False,0.15760572007131193,1.1102230246251565e-16,game-latent-state-shadow-v1,3229bbc83a4388c270a21008a75afacc3479cfd6f6390c8737f041412d2f2eb4,False
2024-15908038-4leg_mixed-12,15908038,player 176 reb > 10.5|player 176 stl < 1.5|player 3547238 reb < 5.5|player 38017728 stl < 1.5,4,0.1414,0.002463798287198041,0.14995,0.14095,0.14725855839569607,0.0,incumbent,0.14995,False,,1c0b6822188b8c2574d5e2becb56c0a9479c0e64ef0744d43601143e7d3f666e,False,0.15760572007131193,1.1102230246251565e-16,game-latent-state-shadow-v1,3229bbc83a4388c270a21008a75afacc3479cfd6f6390c8737f041412d2f2eb4,False
2024-15908038-4leg_mixed-13,15908038,player 17896067 reb < 5.5|player 17896067 ast < 3.5|player 254 ast < 3.5|player 104 stl < 1.5,4,0.2397,0.0030186413334478807,0.2334,0.23795,0.22019561213684205,0.0,incumbent,0.2334,False,,1c0b6822188b8c2574d5e2becb56c0a9479c0e64ef0744d43601143e7d3f666e,False,0.15760572007131193,1.1102230246251565e-16,game-latent-state-shadow-v1,3229bbc83a4388c270a21008a75afacc3479cfd6f6390c8737f041412d2f2eb4,False
2024-15908038-4leg_cross_team-14,15908038,player 17896067 ast > 2.5|player 17896103 reb > 2.5|player 667378 stl > 0.5|player 387 ast < 4.5,4,0.0509,0.0015541748614618627,0.05235,0.04955,0.051020380039450496,0.0,incumbent,0.05235,False,,1c0b6822188b8c2574d5e2becb56c0a9479c0e64ef0744d43601143e7d3f666e,False,0.15760572007131193,1.1102230246251565e-16,game-latent-state-shadow-v1,3229bbc83a4388c270a21008a75afacc3479cfd6f6390c8737f041412d2f2eb4,False
2024-15908038-4leg_cross_team-15,15908038,player 1028039105 reb < 3.5|player 254 pts < 7.5|player 1028025639 reb > 2.5|player 666400 pts < 7.5,4,0.0187,0.0009578702939333697,0.0169,0.01965,0.0186762704348484,0.0,incumbent,0.0169,False,,1c0b6822188b8c2574d5e2becb56c0a9479c0e64ef0744d43601143e7d3f666e,False,0.15760572007131193,1.1102230246251565e-16,game-latent-state-shadow-v1,3229bbc83a4388c270a21008a75afacc3479cfd6f6390c8737f041412d2f2eb4,False
2024-15908158-2leg_same_player-0,15908158,player 1028029127 fg3m > 0.5|player 1028029127 pts > 12.5,2,0.40445,0.0034703760423043495,0.40305,0.4035,0.3027986875,0.0,incumbent,0.40305,False,,1c0b6822188b8c2574d5e2becb56c0a9479c0e64ef0744d43601143e7d3f666e,False,0.12656314210308217,1.1102230246251565e-16,game-latent-state-shadow-v1,3229bbc83a4388c270a21008a75afacc3479cfd6f6390c8737f041412d2f2eb4,False
2024-15908158-2leg_same_player-1,15908158,player 286 stl > 1.5|player 286 fg3m > 0.5,2,0.1215,0.002310170448257011,0.12005,0.1209,0.11790656000000001,0.0,incumbent,0.12005,False,,1c0b6822188b8c2574d5e2becb56c0a9479c0e64ef0744d43601143e7d3f666e,False,0.12656314210308217,1.1102230246251565e-16,game-latent-state-shadow-v1,3229bbc83a4388c270a21008a75afacc3479cfd6f6390c8737f041412d2f2eb4,False
2024-15908158-2leg_same_team-2,15908158,player 4 fg3m > 1.5|player 397 pts > 8.5,2,0.1244,0.0023337163495163677,0.12045,0.12455,0.12286475250000002,0.0,incumbent,0.12045,False,,1c0b6822188b8c2574d5e2becb56c0a9479c0e64ef0744d43601143e7d3f666e,False,0.12656314210308217,1.1102230246251565e-16,game-latent-state-shadow-v1,3229bbc83a4388c270a21008a75afacc3479cfd6f6390c8737f041412d2f2eb4,False
2024-15908158-2leg_same_team-3,15908158,player 1028214238 reb < 3.5|player 172 fg3m > 3.5,2,0.1167,0.002270254501151798,0.1202,0.11675,0.118646925,0.0,incumbent,0.1202,False,,1c0b6822188b8c2574d5e2becb56c0a9479c0e64ef0744d43601143e7d3f666e,False,0.12656314210308217,1.1102230246251565e-16,game-latent-state-shadow-v1,3229bbc83a4388c270a21008a75afacc3479cfd6f6390c8737f041412d2f2eb4,False
2024-15908158-2leg_cross_team-4,15908158,player 4 ast < 5.5|player 172 stl > 1.5,2,0.25565,0.0030845832579134576,0.25905,0.25435,0.25685205,0.0,incumbent,0.25905,False,,1c0b6822188b8c2574d5e2becb56c0a9479c0e64ef0744d43601143e7d3f666e,False,0.12656314210308217,1.1102230246251565e-16,game-latent-state-shadow-v1,3229bbc83a4388c270a21008a75afacc3479cfd6f6390c8737f041412d2f2eb4,False
2024-15908158-2leg_cross_team-5,15908158,player 1028029127 pts > 15.5|player 236 fg3m > 0.5,2,0.17635,0.002694908880648843,0.1762,0.1763,0.1744944175,0.0,incumbent,0.1762,False,,1c0b6822188b8c2574d5e2becb56c0a9479c0e64ef0744d43601143e7d3f666e,False,0.12656314210308217,1.1102230246251565e-16,game-latent-state-shadow-v1,3229bbc83a4388c270a21008a75afacc3479cfd6f6390c8737f041412d2f2eb4,False
2024-15908158-3leg_same_team-6,15908158,player 403 fg3m > 1.5|player 56677785 reb < 4.5|player 1028029127 reb > 6.5,3,0.17045,0.0026589170492890522,0.17255,0.17075,0.17164977478600002,0.0,incumbent,0.17255,False,,1c0b6822188b8c2574d5e2becb56c0a9479c0e64ef0744d43601143e7d3f666e,False,0.12656314210308217,1.1102230246251565e-16,game-latent-state-shadow-v1,3229bbc83a4388c270a21008a75afacc3479cfd6f6390c8737f041412d2f2eb4,False
2024-15908158-3leg_same_team-7,15908158,player 4 reb > 8.5|player 403 fg3m > 2.5|player 666633 fg3m > 4.5,3,0.0464,0.0014873977275765887,0.04555,0.0468,0.046491125372125,0.0,incumbent,0.04555,False,,1c0b6822188b8c2574d5e2becb56c0a9479c0e64ef0744d43601143e7d3f666e,False,0.12656314210308217,1.1102230246251565e-16,game-latent-state-shadow-v1,3229bbc83a4388c270a21008a75afacc3479cfd6f6390c8737f041412d2f2eb4,False
2024-15908158-3leg_mixed-8,15908158,player 38017696 reb < 4.5|player 38017696 pts < 16.5|player 4 fg3m > 1.5,3,0.076,0.0018738196284594736,0.0748,0.07645,0.06247125903675,0.0,incumbent,0.0748,False,,1c0b6822188b8c2574d5e2becb56c0a9479c0e64ef0744d43601143e7d3f666e,False,0.12656314210308217,1.1102230246251565e-16,game-latent-state-shadow-v1,3229bbc83a4388c270a21008a75afacc3479cfd6f6390c8737f041412d2f2eb4,False
2024-15908158-3leg_mixed-9,15908158,player 56913527 stl > 1.5|player 56913527 ast < 2.5|player 3547254 reb < 3.5,3,0.0503,0.0015454758166985338,0.05105,0.05,0.055343374253124994,0.0,incumbent,0.05105,False,,1c0b6822188b8c2574d5e2becb56c0a9479c0e64ef0744d43601143e7d3f666e,False,0.12656314210308217,1.1102230246251565e-16,game-latent-state-shadow-v1,3229bbc83a4388c270a21008a75afacc3479cfd6f6390c8737f041412d2f2eb4,False
2024-15908158-3leg_cross_team-10,15908158,player 3092 pts < 7.5|player 178 pts > 10.5|player 1028034846 stl < 0.5,3,0.16225,0.002606961233888989,0.16295,0.163,0.16441528554375,0.0,incumbent,0.16295,False,,1c0b6822188b8c2574d5e2becb56c0a9479c0e64ef0744d43601143e7d3f666e,False,0.12656314210308217,1.1102230246251565e-16,game-latent-state-shadow-v1,3229bbc83a4388c270a21008a75afacc3479cfd6f6390c8737f041412d2f2eb4,False
2024-15908158-3leg_cross_team-11,15908158,player 360 reb > 5.5|player 397 stl > 0.5|player 1028029127 stl < 1.5,3,0.2289,0.0029707304657272428,0.22165,0.2278,0.22760711494499997,0.0,incumbent,0.22165,False,,1c0b6822188b8c2574d5e2becb56c0a9479c0e64ef0744d43601143e7d3f666e,False,0.12656314210308217,1.1102230246251565e-16,game-latent-state-shadow-v1,3229bbc83a4388c270a21008a75afacc3479cfd6f6390c8737f041412d2f2eb4,False
2024-15908158-4leg_mixed-12,15908158,player 38017696 ast > 4.5|player 38017696 reb < 6.5|player 403 stl < 1.5|player 178 fg3m > 2.5,4,0.05935,0.0016707420132982828,0.05785,0.0588,0.06960345239811826,0.0,incumbent,0.05785,False,,1c0b6822188b8c2574d5e2becb56c0a9479c0e64ef0744d43601143e7d3f666e,False,0.12656314210308217,1.1102230246251565e-16,game-latent-state-shadow-v1,3229bbc83a4388c270a21008a75afacc3479cfd6f6390c8737f041412d2f2eb4,False
2024-15908158-4leg_mixed-13,15908158,player 286 pts < 2.5|player 286 stl < 0.5|player 172 fg3m < 2.5|player 4 ast > 4.5,4,0.04905,0.0015271558122863561,0.0472,0.0488,0.04741929609475433,0.0,incumbent,0.0472,False,,1c0b6822188b8c2574d5e2becb56c0a9479c0e64ef0744d43601143e7d3f666e,False,0.12656314210308217,1.1102230246251565e-16,game-latent-state-shadow-v1,3229bbc83a4388c270a21008a75afacc3479cfd6f6390c8737f041412d2f2eb4,False
2024-15908158-4leg_cross_team-14,15908158,player 172 stl > 2.5|player 178 fg3m > 2.5|player 3092 reb < 4.5|player 4 fg3m > 1.5,4,0.0087,0.0006566700084517337,0.00935,0.0085,0.008535828217516877,0.0,incumbent,0.00935,False,,1c0b6822188b8c2574d5e2becb56c0a9479c0e64ef0744d43601143e7d3f666e,False,0.12656314210308217,1.1102230246251565e-16,game-latent-state-shadow-v1,3229bbc83a4388c270a21008a75afacc3479cfd6f6390c8737f041412d2f2eb4,False
2024-15908158-4leg_cross_team-15,15908158,player 397 reb > 2.5|player 666633 fg3m < 3.5|player 3547254 reb > 4.5|player 1028034846 stl < 0.5,4,0.04735,0.001501798546743204,0.05005,0.0462,0.04790238791244375,0.0,incumbent,0.05005,False,,1c0b6822188b8c2574d5e2becb56c0a9479c0e64ef0744d43601143e7d3f666e,False,0.12656314210308217,1.1102230246251565e-16,game-latent-state-shadow-v1,3229bbc83a4388c270a21008a75afacc3479cfd6f6390c8737f041412d2f2eb4,False
2024-15908572-2leg_same_player-0,15908572,player 1028028244 reb > 3.5|player 1028028244 ast > 2.5,2,0.1414,0.002463798287198041,0.14565,0.14195,0.112712805,0.0,incumbent,0.14565,False,,1c0b6822188b8c2574d5e2becb56c0a9479c0e64ef0744d43601143e7d3f666e,False,0.1254474568971109,1.1102230246251565e-16,game-latent-state-shadow-v1,3229bbc83a4388c270a21008a75afacc3479cfd6f6390c8737f041412d2f2eb4,False
2024-15908572-2leg_same_player-1,15908572,player 4 stl > 1.5|player 4 fg3m < 1.5,2,0.28165,0.0031805917491875627,0.28205,0.28145,0.28262622000000004,0.0,incumbent,0.28205,False,,1c0b6822188b8c2574d5e2becb56c0a9479c0e64ef0744d43601143e7d3f666e,False,0.1254474568971109,1.1102230246251565e-16,game-latent-state-shadow-v1,3229bbc83a4388c270a21008a75afacc3479cfd6f6390c8737f041412d2f2eb4,False
2024-15908572-2leg_same_team-2,15908572,player 344 fg3m < 2.5|player 3547244 reb > 9.5,2,0.2359,0.003002092520226517,0.23585,0.2351,0.23446576,0.0,incumbent,0.23585,False,,1c0b6822188b8c2574d5e2becb56c0a9479c0e64ef0744d43601143e7d3f666e,False,0.1254474568971109,1.1102230246251565e-16,game-latent-state-shadow-v1,3229bbc83a4388c270a21008a75afacc3479cfd6f6390c8737f041412d2f2eb4,False
2024-15908572-2leg_same_team-3,15908572,player 397 reb > 2.5|player 3092 pts > 5.5,2,0.12675,0.002352492693931269,0.1242,0.12375,0.12311728499999999,0.0,incumbent,0.1242,False,,1c0b6822188b8c2574d5e2becb56c0a9479c0e64ef0744d43601143e7d3f666e,False,0.1254474568971109,1.1102230246251565e-16,game-latent-state-shadow-v1,3229bbc83a4388c270a21008a75afacc3479cfd6f6390c8737f041412d2f2eb4,False
2024-15908572-2leg_cross_team-4,15908572,player 475 pts < 20.5|player 1028028244 fg3m > 1.5,2,0.2521,0.0030703875162591448,0.25235,0.2531,0.24988118999999998,0.0,incumbent,0.25235,False,,1c0b6822188b8c2574d5e2becb56c0a9479c0e64ef0744d43601143e7d3f666e,False,0.1254474568971109,1.1102230246251565e-16,game-latent-state-shadow-v1,3229bbc83a4388c270a21008a75afacc3479cfd6f6390c8737f041412d2f2eb4,False
2024-15908572-2leg_cross_team-5,15908572,player 475 reb > 6.5|player 666743 reb > 4.5,2,0.0708,0.0018136614899148078,0.071,0.07045,0.0697146675,0.0,incumbent,0.071,False,,1c0b6822188b8c2574d5e2becb56c0a9479c0e64ef0744d43601143e7d3f666e,False,0.1254474568971109,1.1102230246251565e-16,game-latent-state-shadow-v1,3229bbc83a4388c270a21008a75afacc3479cfd6f6390c8737f041412d2f2eb4,False
2024-15908572-3leg_same_team-6,15908572,player 17553994 pts < 6.5|player 56677785 pts > 9.5|player 77 stl > 0.5,3,0.04975,0.0015374481698580932,0.05235,0.04965,0.050632026559875,0.0,incumbent,0.05235,False,,1c0b6822188b8c2574d5e2becb56c0a9479c0e64ef0744d43601143e7d3f666e,False,0.1254474568971109,1.1102230246251565e-16,game-latent-state-shadow-v1,3229bbc83a4388c270a21008a75afacc3479cfd6f6390c8737f041412d2f2eb4,False
2024-15908572-3leg_same_team-7,15908572,player 666633 fg3m > 4.5|player 17553994 pts < 10.5|player 56677785 stl > 0.5,3,0.0995,0.0021165980960021675,0.10055,0.09835,0.099440499645,0.0,incumbent,0.10055,False,,1c0b6822188b8c2574d5e2becb56c0a9479c0e64ef0744d43601143e7d3f666e,False,0.1254474568971109,1.1102230246251565e-16,game-latent-state-shadow-v1,3229bbc83a4388c270a21008a75afacc3479cfd6f6390c8737f041412d2f2eb4,False
2024-15908572-3leg_mixed-8,15908572,player 277 reb < 3.5|player 277 pts < 8.5|player 83 reb < 10.5,3,0.1683,0.0026455161122170474,0.1669,0.168,0.13438926538275003,0.0,incumbent,0.1669,False,,1c0b6822188b8c2574d5e2becb56c0a9479c0e64ef0744d43601143e7d3f666e,False,0.1254474568971109,1.1102230246251565e-16,game-latent-state-shadow-v1,3229bbc83a4388c270a21008a75afacc3479cfd6f6390c8737f041412d2f2eb4,False
2024-15908572-3leg_mixed-9,15908572,player 77 ast > 2.5|player 77 reb > 4.5|player 666633 fg3m > 4.5,3,0.01905,0.0009666203365334292,0.01765,0.01795,0.011659697662499998,0.0,incumbent,0.01765,False,,1c0b6822188b8c2574d5e2becb56c0a9479c0e64ef0744d43601143e7d3f666e,False,0.1254474568971109,1.1102230246251565e-16,game-latent-state-shadow-v1,3229bbc83a4388c270a21008a75afacc3479cfd6f6390c8737f041412d2f2eb4,False
2024-15908572-3leg_cross_team-10,15908572,player 1028028244 stl < 1.5|player 1028029127 pts > 11.5|player 12 stl > 0.5,3,0.17345,0.00267735968353152,0.1729,0.1752,0.16949204113974997,0.0,incumbent,0.1729,False,,1c0b6822188b8c2574d5e2becb56c0a9479c0e64ef0744d43601143e7d3f666e,False,0.1254474568971109,1.1102230246251565e-16,game-latent-state-shadow-v1,3229bbc83a4388c270a21008a75afacc3479cfd6f6390c8737f041412d2f2eb4,False
2024-15908572-3leg_cross_team-11,15908572,player 38017677 fg3m > 1.5|player 666633 reb < 4.5|player 17553994 stl > 1.5,3,0.02075,0.001007954302039532,0.0212,0.0211,0.02084704879625,0.0,incumbent,0.0212,False,,1c0b6822188b8c2574d5e2becb56c0a9479c0e64ef0744d43601143e7d3f666e,False,0.1254474568971109,1.1102230246251565e-16,game-latent-state-shadow-v1,3229bbc83a4388c270a21008a75afacc3479cfd6f6390c8737f041412d2f2eb4,False
2024-15908572-4leg_mixed-12,15908572,player 12 stl < 0.5|player 12 reb > 4.5|player 3092 stl > 1.5|player 38017677 fg3m < 1.5,4,0.0202,0.0009947854039942484,0.01805,0.02045,0.02007991184903865,0.0,incumbent,0.01805,False,,1c0b6822188b8c2574d5e2becb56c0a9479c0e64ef0744d43601143e7d3f666e,False,0.1254474568971109,1.1102230246251565e-16,game-latent-state-shadow-v1,3229bbc83a4388c270a21008a75afacc3479cfd6f6390c8737f041412d2f2eb4,False
2024-15908572-4leg_mixed-13,15908572,player 1028029127 fg3m < 1.5|player 1028029127 stl < 1.5|player 17553994 fg3m < 1.5|player 277 pts > 11.5,4,0.17775,0.002703284460614532,0.17535,0.1778,0.17678957589643318,0.0,incumbent,0.17535,False,,1c0b6822188b8c2574d5e2becb56c0a9479c0e64ef0744d43601143e7d3f666e,False,0.1254474568971109,1.1102230246251565e-16,game-latent-state-shadow-v1,3229bbc83a4388c270a21008a75afacc3479cfd6f6390c8737f041412d2f2eb4,False
2024-15908572-4leg_cross_team-14,15908572,player 77 fg3m > 2.5|player 56677785 pts > 5.5|player 1028028244 fg3m > 1.5|player 666743 fg3m > 1.5,4,0.01505,0.000860915138094342,0.0132,0.01495,0.015251688551501323,0.0,incumbent,0.0132,False,,1c0b6822188b8c2574d5e2becb56c0a9479c0e64ef0744d43601143e7d3f666e,False,0.1254474568971109,1.1102230246251565e-16,game-latent-state-shadow-v1,3229bbc83a4388c270a21008a75afacc3479cfd6f6390c8737f041412d2f2eb4,False
2024-15908572-4leg_cross_team-15,15908572,player 397 ast < 1.5|player 17553994 reb > 2.5|player 666743 pts > 6.5|player 83 stl > 0.5,4,0.03005,0.0012072074697416348,0.02875,0.0306,0.029609202987935998,0.0,incumbent,0.02875,False,,1c0b6822188b8c2574d5e2becb56c0a9479c0e64ef0744d43601143e7d3f666e,False,0.1254474568971109,1.1102230246251565e-16,game-latent-state-shadow-v1,3229bbc83a4388c270a21008a75afacc3479cfd6f6390c8737f041412d2f2eb4,False
2024-15908692-2leg_same_player-0,15908692,player 38017684 reb > 8.5|player 38017684 ast > 1.5,2,0.11925,0.0022916090144263265,0.1168,0.1195,0.09547685,0.0,incumbent,0.1168,False,,1c0b6822188b8c2574d5e2becb56c0a9479c0e64ef0744d43601143e7d3f666e,False,0.1864971262166209,1.1102230246251565e-16,game-latent-state-shadow-v1,3229bbc83a4388c270a21008a75afacc3479cfd6f6390c8737f041412d2f2eb4,False
2024-15908692-2leg_same_player-1,15908692,player 17895966 ast > 5.5|player 17895966 pts > 25.5,2,0.117,0.0022727846356397257,0.11635,0.1198,0.0992979,0.0,incumbent,0.11635,False,,1c0b6822188b8c2574d5e2becb56c0a9479c0e64ef0744d43601143e7d3f666e,False,0.1864971262166209,1.1102230246251565e-16,game-latent-state-shadow-v1,3229bbc83a4388c270a21008a75afacc3479cfd6f6390c8737f041412d2f2eb4,False
2024-15908692-2leg_same_team-2,15908692,player 17896062 ast < 6.5|player 188 ast > 0.5,2,0.27395,0.003153580484940887,0.27595,0.27585,0.27492685,0.0,incumbent,0.27595,False,,1c0b6822188b8c2574d5e2becb56c0a9479c0e64ef0744d43601143e7d3f666e,False,0.1864971262166209,1.1102230246251565e-16,game-latent-state-shadow-v1,3229bbc83a4388c270a21008a75afacc3479cfd6f6390c8737f041412d2f2eb4,False
2024-15908692-2leg_same_team-3,15908692,player 66 ast > 3.5|player 38017695 ast > 2.5,2,0.05815,0.0016548198920124206,0.0584,0.0569,0.05589738,0.0,incumbent,0.0584,False,,1c0b6822188b8c2574d5e2becb56c0a9479c0e64ef0744d43601143e7d3f666e,False,0.1864971262166209,1.1102230246251565e-16,game-latent-state-shadow-v1,3229bbc83a4388c270a21008a75afacc3479cfd6f6390c8737f041412d2f2eb4,False
2024-15908692-2leg_cross_team-4,15908692,player 443 ast < 2.5|player 458 stl > 2.5,2,0.10055,0.0021264959146445593,0.09925,0.09985,0.099892575,0.0,incumbent,0.09925,False,,1c0b6822188b8c2574d5e2becb56c0a9479c0e64ef0744d43601143e7d3f666e,False,0.1864971262166209,1.1102230246251565e-16,game-latent-state-shadow-v1,3229bbc83a4388c270a21008a75afacc3479cfd6f6390c8737f041412d2f2eb4,False
2024-15908692-2leg_cross_team-5,15908692,player 38017695 ast > 1.5|player 443 reb < 3.5,2,0.289,0.0032053002979440166,0.28685,0.28765,0.2847295775,0.0,incumbent,0.28685,False,,1c0b6822188b8c2574d5e2becb56c0a9479c0e64ef0744d43601143e7d3f666e,False,0.1864971262166209,1.1102230246251565e-16,game-latent-state-shadow-v1,3229bbc83a4388c270a21008a75afacc3479cfd6f6390c8737f041412d2f2eb4,False
2024-15908692-3leg_same_team-6,15908692,player 38017695 stl > 2.5|player 38017684 fg3m > 2.5|player 458 fg3m > 3.5,3,0.01705,0.0009154042139951071,0.01655,0.01715,0.0164484033525,0.0,incumbent,0.01655,False,,1c0b6822188b8c2574d5e2becb56c0a9479c0e64ef0744d43601143e7d3f666e,False,0.1864971262166209,1.1102230246251565e-16,game-latent-state-shadow-v1,3229bbc83a4388c270a21008a75afacc3479cfd6f6390c8737f041412d2f2eb4,False
2024-15908692-3leg_same_team-7,15908692,player 151 ast < 3.5|player 379 stl > 0.5|player 38017697 ast > 2.5,3,0.13025,0.002379967830664944,0.13605,0.1313,0.13056258059999998,0.0,incumbent,0.13605,False,,1c0b6822188b8c2574d5e2becb56c0a9479c0e64ef0744d43601143e7d3f666e,False,0.1864971262166209,1.1102230246251565e-16,game-latent-state-shadow-v1,3229bbc83a4388c270a21008a75afacc3479cfd6f6390c8737f041412d2f2eb4,False
2024-15908692-3leg_mixed-8,15908692,player 17895966 pts > 25.5|player 17895966 ast > 5.5|player 56677831 stl > 0.5,3,0.04055,0.0013947346969943783,0.0411,0.04115,0.034421617035,0.0,incumbent,0.0411,False,,1c0b6822188b8c2574d5e2becb56c0a9479c0e64ef0744d43601143e7d3f666e,False,0.1864971262166209,1.1102230246251565e-16,game-latent-state-shadow-v1,3229bbc83a4388c270a21008a75afacc3479cfd6f6390c8737f041412d2f2eb4,False
2024-15908692-3leg_mixed-9,15908692,player 56677831 pts > 6.5|player 56677831 ast < 0.5|player 17895966 pts < 17.5,3,0.08575,0.001979860317042594,0.08235,0.0823,0.09621933937687502,0.0,incumbent,0.08235,False,,1c0b6822188b8c2574d5e2becb56c0a9479c0e64ef0744d43601143e7d3f666e,False,0.1864971262166209,1.1102230246251565e-16,game-latent-state-shadow-v1,3229bbc83a4388c270a21008a75afacc3479cfd6f6390c8737f041412d2f2eb4,False
2024-15908692-3leg_cross_team-10,15908692,player 213 ast > 2.5|player 3547293 ast > 4.5|player 151 pts < 8.5,3,0.04975,0.0015374481698580932,0.05085,0.05065,0.05071953159,0.0,incumbent,0.05085,False,,1c0b6822188b8c2574d5e2becb56c0a9479c0e64ef0744d43601143e7d3f666e,False,0.1864971262166209,1.1102230246251565e-16,game-latent-state-shadow-v1,3229bbc83a4388c270a21008a75afacc3479cfd6f6390c8737f041412d2f2eb4,False
2024-15908692-3leg_cross_team-11,15908692,player 188 reb < 2.5|player 24489167 stl > 1.5|player 666747 fg3m > 0.5,3,0.06515,0.0017450713094312221,0.06245,0.0651,0.066210054696,0.0,incumbent,0.06245,False,,1c0b6822188b8c2574d5e2becb56c0a9479c0e64ef0744d43601143e7d3f666e,False,0.1864971262166209,1.1102230246251565e-16,game-latent-state-shadow-v1,3229bbc83a4388c270a21008a75afacc3479cfd6f6390c8737f041412d2f2eb4,False
2024-15908692-4leg_mixed-12,15908692,player 38017697 ast > 3.5|player 38017697 reb > 3.5|player 443 fg3m > 3.5|player 458 fg3m > 2.5,4,0.0345,0.0012905376786440605,0.0354,0.033,0.026381347925632872,0.0,incumbent,0.0354,False,,1c0b6822188b8c2574d5e2becb56c0a9479c0e64ef0744d43601143e7d3f666e,False,0.1864971262166209,1.1102230246251565e-16,game-latent-state-shadow-v1,3229bbc83a4388c270a21008a75afacc3479cfd6f6390c8737f041412d2f2eb4,False
2024-15908692-4leg_mixed-13,15908692,player 24489167 fg3m > 1.5|player 24489167 pts < 9.5|player 443 reb > 4.5|player 38017684 fg3m < 1.5,4,0.00515,0.0005061362217822392,0.00605,0.00475,0.0185306009398182,0.0,incumbent,0.00605,False,,1c0b6822188b8c2574d5e2becb56c0a9479c0e64ef0744d43601143e7d3f666e,False,0.1864971262166209,1.1102230246251565e-16,game-latent-state-shadow-v1,3229bbc83a4388c270a21008a75afacc3479cfd6f6390c8737f041412d2f2eb4,False
2024-15908692-4leg_cross_team-14,15908692,player 17896044 reb > 3.5|player 38017697 ast < 3.5|player 38017695 fg3m < 1.5|player 17895966 reb < 4.5,4,0.11715,0.002274047905168227,0.11795,0.1182,0.11663142085396339,0.0,incumbent,0.11795,False,,1c0b6822188b8c2574d5e2becb56c0a9479c0e64ef0744d43601143e7d3f666e,False,0.1864971262166209,1.1102230246251565e-16,game-latent-state-shadow-v1,3229bbc83a4388c270a21008a75afacc3479cfd6f6390c8737f041412d2f2eb4,False
2024-15908692-4leg_cross_team-15,15908692,player 188 ast > 0.5|player 38017695 ast > 2.5|player 3547293 ast > 4.5|player 151 stl < 0.5,4,0.02675,0.0011409302673695706,0.0264,0.02635,0.027525295523628004,0.0,incumbent,0.0264,False,,1c0b6822188b8c2574d5e2becb56c0a9479c0e64ef0744d43601143e7d3f666e,False,0.1864971262166209,1.1102230246251565e-16,game-latent-state-shadow-v1,3229bbc83a4388c270a21008a75afacc3479cfd6f6390c8737f041412d2f2eb4,False
2024-15908812-2leg_same_player-0,15908812,player 17896076 stl > 0.5|player 17896076 fg3m > 2.5,2,0.07545,0.0018675826286941094,0.07115,0.0754,0.07385253749999998,0.0,incumbent,0.07115,False,,1c0b6822188b8c2574d5e2becb56c0a9479c0e64ef0744d43601143e7d3f666e,False,0.15035437485839145,2.220446049250313e-16,game-latent-state-shadow-v1,3229bbc83a4388c270a21008a75afacc3479cfd6f6390c8737f041412d2f2eb4,False
2024-15908812-2leg_same_player-1,15908812,player 666511 ast < 0.5|player 666511 fg3m < 1.5,2,0.3353,0.0033382174135307605,0.33255,0.33585,0.2989622675,0.0,incumbent,0.33255,False,,1c0b6822188b8c2574d5e2becb56c0a9479c0e64ef0744d43601143e7d3f666e,False,0.15035437485839145,2.220446049250313e-16,game-latent-state-shadow-v1,3229bbc83a4388c270a21008a75afacc3479cfd6f6390c8737f041412d2f2eb4,False
2024-15908812-2leg_same_team-2,15908812,player 666581 stl > 0.5|player 3547247 pts > 7.5,2,0.2187,0.002922929267019645,0.21745,0.2194,0.21833103,0.0,incumbent,0.21745,False,,1c0b6822188b8c2574d5e2becb56c0a9479c0e64ef0744d43601143e7d3f666e,False,0.15035437485839145,2.220446049250313e-16,game-latent-state-shadow-v1,3229bbc83a4388c270a21008a75afacc3479cfd6f6390c8737f041412d2f2eb4,False
2024-15908812-2leg_same_team-3,15908812,player 666581 reb < 3.5|player 9 fg3m > 0.5,2,0.005,0.0004987484335815,0.0045,0.00505,0.00508896,0.0,incumbent,0.0045,False,,1c0b6822188b8c2574d5e2becb56c0a9479c0e64ef0744d43601143e7d3f666e,False,0.15035437485839145,2.220446049250313e-16,game-latent-state-shadow-v1,3229bbc83a4388c270a21008a75afacc3479cfd6f6390c8737f041412d2f2eb4,False
2024-15908812-2leg_cross_team-4,15908812,player 17896076 fg3m < 2.5|player 493 fg3m < 0.5,2,0.85045,0.002521753333496359,0.85365,0.851,0.850324375,0.0,incumbent,0.85365,False,,1c0b6822188b8c2574d5e2becb56c0a9479c0e64ef0744d43601143e7d3f666e,False,0.15035437485839145,2.220446049250313e-16,game-latent-state-shadow-v1,3229bbc83a4388c270a21008a75afacc3479cfd6f6390c8737f041412d2f2eb4,False
2024-15908812-2leg_cross_team-5,15908812,player 666581 reb > 3.5|player 33 ast > 1.5,2,0.1231,0.0023232131843634153,0.1204,0.12415,0.12184479999999999,0.0,incumbent,0.1204,False,,1c0b6822188b8c2574d5e2becb56c0a9479c0e64ef0744d43601143e7d3f666e,False,0.15035437485839145,2.220446049250313e-16,game-latent-state-shadow-v1,3229bbc83a4388c270a21008a75afacc3479cfd6f6390c8737f041412d2f2eb4,False
2024-15908812-3leg_same_team-6,15908812,player 417 reb < 4.5|player 139 fg3m > 1.5|player 247 stl > 0.5,3,0.0822,0.0019422044176656585,0.0818,0.0819,0.08212886555025001,0.0,incumbent,0.0818,False,,1c0b6822188b8c2574d5e2becb56c0a9479c0e64ef0744d43601143e7d3f666e,False,0.15035437485839145,2.220446049250313e-16,game-latent-state-shadow-v1,3229bbc83a4388c270a21008a75afacc3479cfd6f6390c8737f041412d2f2eb4,False
2024-15908812-3leg_same_team-7,15908812,player 666940 fg3m < 2.5|player 666656 pts > 12.5|player 322 reb > 4.5,3,0.2068,0.002863858935073444,0.2045,0.20425,0.20579203459375,0.0,incumbent,0.2045,False,,1c0b6822188b8c2574d5e2becb56c0a9479c0e64ef0744d43601143e7d3f666e,False,0.15035437485839145,2.220446049250313e-16,game-latent-state-shadow-v1,3229bbc83a4388c270a21008a75afacc3479cfd6f6390c8737f041412d2f2eb4,False
2024-15908812-3leg_mixed-8,15908812,player 192 fg3m > 3.5|player 192 ast > 7.5|player 380 reb < 2.5,3,0.09895,0.0021113845871844382,0.09915,0.09995,0.097615457562,0.0,incumbent,0.09915,False,,1c0b6822188b8c2574d5e2becb56c0a9479c0e64ef0744d43601143e7d3f666e,False,0.15035437485839145,2.220446049250313e-16,game-latent-state-shadow-v1,3229bbc83a4388c270a21008a75afacc3479cfd6f6390c8737f041412d2f2eb4,False
2024-15908812-3leg_mixed-9,15908812,player 417 fg3m > 0.5|player 417 ast > 4.5|player 666511 ast < 1.5,3,0.0021,0.0003236966172205079,0.0021,0.00205,0.0016281649400000005,0.0,incumbent,0.0021,False,,1c0b6822188b8c2574d5e2becb56c0a9479c0e64ef0744d43601143e7d3f666e,False,0.15035437485839145,2.220446049250313e-16,game-latent-state-shadow-v1,3229bbc83a4388c270a21008a75afacc3479cfd6f6390c8737f041412d2f2eb4,False
2024-15908812-3leg_cross_team-10,15908812,player 666581 pts > 15.5|player 666511 ast > 1.5|player 192 fg3m > 4.5,3,0.0321,0.001246386577270471,0.0326,0.03,0.0314408504385,0.0,incumbent,0.0326,False,,1c0b6822188b8c2574d5e2becb56c0a9479c0e64ef0744d43601143e7d3f666e,False,0.15035437485839145,2.220446049250313e-16,game-latent-state-shadow-v1,3229bbc83a4388c270a21008a75afacc3479cfd6f6390c8737f041412d2f2eb4,False
2024-15908812-3leg_cross_team-11,15908812,player 9 ast > 2.5|player 666511 reb < 1.5|player 192 reb < 5.5,3,0.0818,0.001937895250007079,0.0823,0.08075,0.0797937268355,0.0,incumbent,0.0823,False,,1c0b6822188b8c2574d5e2becb56c0a9479c0e64ef0744d43601143e7d3f666e,False,0.15035437485839145,2.220446049250313e-16,game-latent-state-shadow-v1,3229bbc83a4388c270a21008a75afacc3479cfd6f6390c8737f041412d2f2eb4,False
2024-15908812-4leg_mixed-12,15908812,player 666511 fg3m > 1.5|player 666511 stl > 0.5|player 380 pts < 16.5|player 3547247 ast < 0.5,4,0.02785,0.0011634942522419267,0.027,0.02725,0.021755553677814655,0.0,incumbent,0.027,False,,1c0b6822188b8c2574d5e2becb56c0a9479c0e64ef0744d43601143e7d3f666e,False,0.15035437485839145,2.220446049250313e-16,game-latent-state-shadow-v1,3229bbc83a4388c270a21008a75afacc3479cfd6f6390c8737f041412d2f2eb4,False
2024-15908812-4leg_mixed-13,15908812,player 247 ast > 1.5|player 247 stl > 0.5|player 666511 ast > 0.5|player 3547299 ast < 1.5,4,0.03225,0.0012491984930346337,0.03465,0.0321,0.030016122556020357,0.0,incumbent,0.03465,False,,1c0b6822188b8c2574d5e2becb56c0a9479c0e64ef0744d43601143e7d3f666e,False,0.15035437485839145,2.220446049250313e-16,game-latent-state-shadow-v1,3229bbc83a4388c270a21008a75afacc3479cfd6f6390c8737f041412d2f2eb4,False
2024-15908812-4leg_cross_team-14,15908812,player 53 reb > 4.5|player 417 pts > 3.5|player 666940 reb > 5.5|player 322 reb > 5.5,4,0.0093,0.0006787308008334379,0.01085,0.00905,0.009679650286553888,0.0,incumbent,0.01085,False,,1c0b6822188b8c2574d5e2becb56c0a9479c0e64ef0744d43601143e7d3f666e,False,0.15035437485839145,2.220446049250313e-16,game-latent-state-shadow-v1,3229bbc83a4388c270a21008a75afacc3479cfd6f6390c8737f041412d2f2eb4,False
2024-15908812-4leg_cross_team-15,15908812,player 3547299 pts > 9.5|player 666940 stl > 1.5|player 380 reb < 2.5|player 247 fg3m > 0.5,4,0.0152,0.000865128892131109,0.014,0.01515,0.014431667244605102,0.0,incumbent,0.014,False,,1c0b6822188b8c2574d5e2becb56c0a9479c0e64ef0744d43601143e7d3f666e,False,0.15035437485839145,2.220446049250313e-16,game-latent-state-shadow-v1,3229bbc83a4388c270a21008a75afacc3479cfd6f6390c8737f041412d2f2eb4,False
2024-16968270-2leg_same_player-0,16968270,player 315 fg3m < 2.5|player 315 stl > 1.5,2,0.2014,0.0028358247477585775,0.194,0.2019,0.2010729,0.0,incumbent,0.194,False,,1c0b6822188b8c2574d5e2becb56c0a9479c0e64ef0744d43601143e7d3f666e,False,0.18565467067863775,1.1102230246251565e-16,game-latent-state-shadow-v1,3229bbc83a4388c270a21008a75afacc3479cfd6f6390c8737f041412d2f2eb4,False
2024-16968270-2leg_same_player-1,16968270,player 85 stl < 0.5|player 85 fg3m > 0.5,2,0.26975,0.003138350980212379,0.26995,0.26955,0.28541078999999997,0.0,incumbent,0.26995,False,,1c0b6822188b8c2574d5e2becb56c0a9479c0e64ef0744d43601143e7d3f666e,False,0.18565467067863775,1.1102230246251565e-16,game-latent-state-shadow-v1,3229bbc83a4388c270a21008a75afacc3479cfd6f6390c8737f041412d2f2eb4,False
2024-16968270-2leg_same_team-2,16968270,player 56677839 pts > 5.5|player 56677827 pts < 9.5,2,0.2872,0.003199344932951119,0.2844,0.28685,0.287387185,0.0,incumbent,0.2844,False,,1c0b6822188b8c2574d5e2becb56c0a9479c0e64ef0744d43601143e7d3f666e,False,0.18565467067863775,1.1102230246251565e-16,game-latent-state-shadow-v1,3229bbc83a4388c270a21008a75afacc3479cfd6f6390c8737f041412d2f2eb4,False
2024-16968270-2leg_same_team-3,16968270,player 383 ast > 2.5|player 377 ast > 2.5,2,0.0412,0.0014053924718739601,0.04275,0.04075,0.04181814,0.0,incumbent,0.04275,False,,1c0b6822188b8c2574d5e2becb56c0a9479c0e64ef0744d43601143e7d3f666e,False,0.18565467067863775,1.1102230246251565e-16,game-latent-state-shadow-v1,3229bbc83a4388c270a21008a75afacc3479cfd6f6390c8737f041412d2f2eb4,False
2024-16968270-2leg_cross_team-4,16968270,player 85 pts > 8.5|player 15 ast < 6.5,2,0.29035,0.0032097264486245555,0.29625,0.29115,0.2921016175,0.0,incumbent,0.29625,False,,1c0b6822188b8c2574d5e2becb56c0a9479c0e64ef0744d43601143e7d3f666e,False,0.18565467067863775,1.1102230246251565e-16,game-latent-state-shadow-v1,3229bbc83a4388c270a21008a75afacc3479cfd6f6390c8737f041412d2f2eb4,False
2024-16968270-2leg_cross_team-5,16968270,player 38017733 stl < 1.5|player 56677827 fg3m > 0.5,2,0.4505,0.003518165359956806,0.44555,0.4487,0.44997926,0.0,incumbent,0.44555,False,,1c0b6822188b8c2574d5e2becb56c0a9479c0e64ef0744d43601143e7d3f666e,False,0.18565467067863775,1.1102230246251565e-16,game-latent-state-shadow-v1,3229bbc83a4388c270a21008a75afacc3479cfd6f6390c8737f041412d2f2eb4,False
2024-16968270-3leg_same_team-6,16968270,player 278 stl > 1.5|player 56677852 pts > 4.5|player 283 ast < 1.5,3,0.0679,0.0017788983950748846,0.06785,0.069,0.07146192330199999,0.0,incumbent,0.06785,False,,1c0b6822188b8c2574d5e2becb56c0a9479c0e64ef0744d43601143e7d3f666e,False,0.18565467067863775,1.1102230246251565e-16,game-latent-state-shadow-v1,3229bbc83a4388c270a21008a75afacc3479cfd6f6390c8737f041412d2f2eb4,False
2024-16968270-3leg_same_team-7,16968270,player 15 reb > 10.5|player 383 pts < 4.5|player 3089 stl < 1.5,3,0.12265,0.0023195579050758787,0.1193,0.1232,0.12345186393225,0.0,incumbent,0.1193,False,,1c0b6822188b8c2574d5e2becb56c0a9479c0e64ef0744d43601143e7d3f666e,False,0.18565467067863775,1.1102230246251565e-16,game-latent-state-shadow-v1,3229bbc83a4388c270a21008a75afacc3479cfd6f6390c8737f041412d2f2eb4,False
2024-16968270-3leg_mixed-8,16968270,player 3547251 ast > 2.5|player 3547251 stl > 0.5|player 462 stl < 1.5,3,0.11735,0.0022757304047272384,0.1163,0.11725,0.100365895026,0.0,incumbent,0.1163,False,,1c0b6822188b8c2574d5e2becb56c0a9479c0e64ef0744d43601143e7d3f666e,False,0.18565467067863775,1.1102230246251565e-16,game-latent-state-shadow-v1,3229bbc83a4388c270a21008a75afacc3479cfd6f6390c8737f041412d2f2eb4,False
2024-16968270-3leg_mixed-9,16968270,player 38017733 stl > 0.5|player 38017733 reb > 1.5|player 283 fg3m < 1.5,3,0.12055,0.0023023650611925122,0.1277,0.12075,0.110963812224,0.0,incumbent,0.1277,False,,1c0b6822188b8c2574d5e2becb56c0a9479c0e64ef0744d43601143e7d3f666e,False,0.18565467067863775,1.1102230246251565e-16,game-latent-state-shadow-v1,3229bbc83a4388c270a21008a75afacc3479cfd6f6390c8737f041412d2f2eb4,False
2024-16968270-3leg_cross_team-10,16968270,player 3089 pts > 10.5|player 1028025497 fg3m > 0.5|player 3547251 ast > 3.5,3,0.05425,0.0016016700268781955,0.05515,0.05235,0.054075330582,0.0,incumbent,0.05515,False,,1c0b6822188b8c2574d5e2becb56c0a9479c0e64ef0744d43601143e7d3f666e,False,0.18565467067863775,1.1102230246251565e-16,game-latent-state-shadow-v1,3229bbc83a4388c270a21008a75afacc3479cfd6f6390c8737f041412d2f2eb4,False
2024-16968270-3leg_cross_team-11,16968270,player 278 reb > 5.5|player 56677827 ast > 2.5|player 666442 fg3m < 0.5,3,0.1567,0.002570458227631797,0.15905,0.1569,0.158071950156,0.0,incumbent,0.15905,False,,1c0b6822188b8c2574d5e2becb56c0a9479c0e64ef0744d43601143e7d3f666e,False,0.18565467067863775,1.1102230246251565e-16,game-latent-state-shadow-v1,3229bbc83a4388c270a21008a75afacc3479cfd6f6390c8737f041412d2f2eb4,False
2024-16968270-4leg_mixed-12,16968270,player 38017733 ast > 0.5|player 38017733 pts > 6.5|player 315 fg3m < 1.5|player 56677839 pts > 5.5,4,0.10505,0.002168115512374744,0.10205,0.1061,0.09432299163779799,0.0,incumbent,0.10205,False,,1c0b6822188b8c2574d5e2becb56c0a9479c0e64ef0744d43601143e7d3f666e,False,0.18565467067863775,1.1102230246251565e-16,game-latent-state-shadow-v1,3229bbc83a4388c270a21008a75afacc3479cfd6f6390c8737f041412d2f2eb4,False
2024-16968270-4leg_mixed-13,16968270,player 283 reb < 4.5|player 283 ast > 2.5|player 278 ast > 6.5|player 85 fg3m > 1.5,4,0.0073,0.0006019431036235899,0.0082,0.00705,0.009299378163899249,0.0,incumbent,0.0082,False,,1c0b6822188b8c2574d5e2becb56c0a9479c0e64ef0744d43601143e7d3f666e,False,0.18565467067863775,1.1102230246251565e-16,game-latent-state-shadow-v1,3229bbc83a4388c270a21008a75afacc3479cfd6f6390c8737f041412d2f2eb4,False
2024-16968270-4leg_cross_team-14,16968270,player 3089 pts > 10.5|player 283 stl > 0.5|player 3547251 ast < 2.5|player 81 stl > 1.5,4,0.0595,0.0016727185955802606,0.0577,0.06025,0.0570127729516926,0.0,incumbent,0.0577,False,,1c0b6822188b8c2574d5e2becb56c0a9479c0e64ef0744d43601143e7d3f666e,False,0.18565467067863775,1.1102230246251565e-16,game-latent-state-shadow-v1,3229bbc83a4388c270a21008a75afacc3479cfd6f6390c8737f041412d2f2eb4,False
2024-16968270-4leg_cross_team-15,16968270,player 56677827 stl > 1.5|player 3547251 ast < 2.5|player 38017733 fg3m > 2.5|player 56677852 stl > 1.5,4,0.0096,0.0006894867656452877,0.0075,0.0096,0.008300330586639,0.0,incumbent,0.0075,False,,1c0b6822188b8c2574d5e2becb56c0a9479c0e64ef0744d43601143e7d3f666e,False,0.18565467067863775,1.1102230246251565e-16,game-latent-state-shadow-v1,3229bbc83a4388c270a21008a75afacc3479cfd6f6390c8737f041412d2f2eb4,False
2024-18444564-2leg_same_player-0,18444564,player 3547250 ast > 2.5|player 3547250 stl > 1.5,2,0.03375,0.0012769286882986068,0.03065,0.034,0.027519820000000004,0.0,incumbent,0.03065,False,,1c0b6822188b8c2574d5e2becb56c0a9479c0e64ef0744d43601143e7d3f666e,False,0.21719321792344995,1.1102230246251565e-16,game-latent-state-shadow-v1,3229bbc83a4388c270a21008a75afacc3479cfd6f6390c8737f041412d2f2eb4,False
2024-18444564-2leg_same_player-1,18444564,player 56677861 ast > 1.5|player 56677861 stl > 0.5,2,0.05035,0.0015462030510253173,0.0534,0.04985,0.03815084,0.0,incumbent,0.0534,False,,1c0b6822188b8c2574d5e2becb56c0a9479c0e64ef0744d43601143e7d3f666e,False,0.21719321792344995,1.1102230246251565e-16,game-latent-state-shadow-v1,3229bbc83a4388c270a21008a75afacc3479cfd6f6390c8737f041412d2f2eb4,False
2024-18444564-2leg_same_team-2,18444564,player 38017507 reb > 3.5|player 56677861 fg3m < 0.5,2,0.25565,0.0030845832579134576,0.25195,0.25685,0.25496696750000003,0.0,incumbent,0.25195,False,,1c0b6822188b8c2574d5e2becb56c0a9479c0e64ef0744d43601143e7d3f666e,False,0.21719321792344995,1.1102230246251565e-16,game-latent-state-shadow-v1,3229bbc83a4388c270a21008a75afacc3479cfd6f6390c8737f041412d2f2eb4,False
2024-18444564-2leg_same_team-3,18444564,player 3547245 pts > 13.5|player 56677861 reb > 1.5,2,0.2949,0.0032243913379116996,0.2851,0.29185,0.29497215,0.0,incumbent,0.2851,False,,1c0b6822188b8c2574d5e2becb56c0a9479c0e64ef0744d43601143e7d3f666e,False,0.21719321792344995,1.1102230246251565e-16,game-latent-state-shadow-v1,3229bbc83a4388c270a21008a75afacc3479cfd6f6390c8737f041412d2f2eb4,False
2024-18444564-2leg_cross_team-4,18444564,player 452 pts < 10.5|player 38017685 reb < 8.5,2,0.22165,0.0029370161516409816,0.2202,0.2221,0.223001,0.0,incumbent,0.2202,False,,1c0b6822188b8c2574d5e2becb56c0a9479c0e64ef0744d43601143e7d3f666e,False,0.21719321792344995,1.1102230246251565e-16,game-latent-state-shadow-v1,3229bbc83a4388c270a21008a75afacc3479cfd6f6390c8737f041412d2f2eb4,False
2024-18444564-2leg_cross_team-5,18444564,player 56677833 ast < 1.5|player 416 ast > 3.5,2,0.3179,0.0032927161280620594,0.3115,0.31805,0.318579405,0.0,incumbent,0.3115,False,,1c0b6822188b8c2574d5e2becb56c0a9479c0e64ef0744d43601143e7d3f666e,False,0.21719321792344995,1.1102230246251565e-16,game-latent-state-shadow-v1,3229bbc83a4388c270a21008a75afacc3479cfd6f6390c8737f041412d2f2eb4,False
2024-18444564-3leg_same_team-6,18444564,player 175 reb > 6.5|player 38017685 fg3m < 1.5|player 17896078 stl < 1.5,3,0.16705,0.0026376532893843344,0.162,0.1669,0.16457078745,0.0,incumbent,0.162,False,,1c0b6822188b8c2574d5e2becb56c0a9479c0e64ef0744d43601143e7d3f666e,False,0.21719321792344995,1.1102230246251565e-16,game-latent-state-shadow-v1,3229bbc83a4388c270a21008a75afacc3479cfd6f6390c8737f041412d2f2eb4,False
2024-18444564-3leg_same_team-7,18444564,player 38017685 ast > 1.5|player 56677833 ast < 1.5|player 666541 fg3m < 2.5,3,0.16785,0.0026426915966491432,0.16865,0.1687,0.17226013756875003,0.0,incumbent,0.16865,False,,1c0b6822188b8c2574d5e2becb56c0a9479c0e64ef0744d43601143e7d3f666e,False,0.21719321792344995,1.1102230246251565e-16,game-latent-state-shadow-v1,3229bbc83a4388c270a21008a75afacc3479cfd6f6390c8737f041412d2f2eb4,False
2024-18444564-3leg_mixed-8,18444564,player 175 pts > 24.5|player 175 reb > 6.5|player 89 fg3m > 1.5,3,0.0761,0.0018749505326807958,0.0752,0.0753,0.0624397667985,0.0,incumbent,0.0752,False,,1c0b6822188b8c2574d5e2becb56c0a9479c0e64ef0744d43601143e7d3f666e,False,0.21719321792344995,1.1102230246251565e-16,game-latent-state-shadow-v1,3229bbc83a4388c270a21008a75afacc3479cfd6f6390c8737f041412d2f2eb4,False
2024-18444564-3leg_mixed-9,18444564,player 38017507 fg3m > 2.5|player 38017507 ast > 5.5|player 3547245 fg3m > 3.5,3,0.01815,0.0009439432583582554,0.01795,0.0171,0.01275900164,0.0,incumbent,0.01795,False,,1c0b6822188b8c2574d5e2becb56c0a9479c0e64ef0744d43601143e7d3f666e,False,0.21719321792344995,1.1102230246251565e-16,game-latent-state-shadow-v1,3229bbc83a4388c270a21008a75afacc3479cfd6f6390c8737f041412d2f2eb4,False
2024-18444564-3leg_cross_team-10,18444564,player 452 ast > 1.5|player 17896078 fg3m > 0.5|player 201 reb > 5.5,3,0.10925,0.0022058381343607243,0.1094,0.1081,0.10887302161999998,0.0,incumbent,0.1094,False,,1c0b6822188b8c2574d5e2becb56c0a9479c0e64ef0744d43601143e7d3f666e,False,0.21719321792344995,1.1102230246251565e-16,game-latent-state-shadow-v1,3229bbc83a4388c270a21008a75afacc3479cfd6f6390c8737f041412d2f2eb4,False
2024-18444564-3leg_cross_team-11,18444564,player 89 fg3m > 1.5|player 3547243 pts < 13.5|player 38017507 fg3m < 1.5,3,0.14395,0.0024822207546872214,0.15135,0.1451,0.145957480704,0.0,incumbent,0.15135,False,,1c0b6822188b8c2574d5e2becb56c0a9479c0e64ef0744d43601143e7d3f666e,False,0.21719321792344995,1.1102230246251565e-16,game-latent-state-shadow-v1,3229bbc83a4388c270a21008a75afacc3479cfd6f6390c8737f041412d2f2eb4,False
2024-18444564-4leg_mixed-12,18444564,player 416 fg3m > 2.5|player 416 reb < 8.5|player 3547243 fg3m < 1.5|player 666541 reb < 5.5,4,0.05655,0.0016332804030539277,0.053,0.0567,0.054776266964325894,0.0,incumbent,0.053,False,,1c0b6822188b8c2574d5e2becb56c0a9479c0e64ef0744d43601143e7d3f666e,False,0.21719321792344995,1.1102230246251565e-16,game-latent-state-shadow-v1,3229bbc83a4388c270a21008a75afacc3479cfd6f6390c8737f041412d2f2eb4,False
2024-18444564-4leg_mixed-13,18444564,player 201 fg3m > 0.5|player 201 reb > 5.5|player 175 stl < 2.5|player 38017686 pts < 9.5,4,0.00165,0.00028699107128968315,0.00195,0.0018,0.0013540697426024997,0.0,incumbent,0.00195,False,,1c0b6822188b8c2574d5e2becb56c0a9479c0e64ef0744d43601143e7d3f666e,False,0.21719321792344995,1.1102230246251565e-16,game-latent-state-shadow-v1,3229bbc83a4388c270a21008a75afacc3479cfd6f6390c8737f041412d2f2eb4,False
2024-18444564-4leg_cross_team-14,18444564,player 416 fg3m < 1.5|player 452 fg3m > 2.5|player 201 reb < 5.5|player 175 pts > 24.5,4,0.0307,0.0012197850220428189,0.0307,0.03115,0.029990791228097703,0.0,incumbent,0.0307,False,,1c0b6822188b8c2574d5e2becb56c0a9479c0e64ef0744d43601143e7d3f666e,False,0.21719321792344995,1.1102230246251565e-16,game-latent-state-shadow-v1,3229bbc83a4388c270a21008a75afacc3479cfd6f6390c8737f041412d2f2eb4,False
2024-18444564-4leg_cross_team-15,18444564,player 89 ast > 2.5|player 175 ast > 6.5|player 3547243 ast > 2.5|player 3547250 reb > 5.5,4,0.0098,0.0006965615550688969,0.0079,0.00935,0.008858404820778711,0.0,incumbent,0.0079,False,,1c0b6822188b8c2574d5e2becb56c0a9479c0e64ef0744d43601143e7d3f666e,False,0.21719321792344995,1.1102230246251565e-16,game-latent-state-shadow-v1,3229bbc83a4388c270a21008a75afacc3479cfd6f6390c8737f041412d2f2eb4,False
2025-18446819-2leg_same_player-0,18446819,player 56677833 stl < 2.5|player 56677833 fg3m > 1.5,2,0.17355,0.002677969356620796,0.16805,0.17255,0.17153664000000002,0.0,incumbent,0.16805,False,,1c0b6822188b8c2574d5e2becb56c0a9479c0e64ef0744d43601143e7d3f666e,False,0.20997271147888213,1.1102230246251565e-16,game-latent-state-shadow-v1,3229bbc83a4388c270a21008a75afacc3479cfd6f6390c8737f041412d2f2eb4,False
2025-18446819-2leg_same_player-1,18446819,player 356 pts > 5.5|player 356 stl > 0.5,2,0.39585,0.0034579819078474077,0.4012,0.3941,0.3453972075,0.0,incumbent,0.4012,False,,1c0b6822188b8c2574d5e2becb56c0a9479c0e64ef0744d43601143e7d3f666e,False,0.20997271147888213,1.1102230246251565e-16,game-latent-state-shadow-v1,3229bbc83a4388c270a21008a75afacc3479cfd6f6390c8737f041412d2f2eb4,False
2025-18446819-2leg_same_team-2,18446819,player 89 pts < 8.5|player 175 fg3m > 1.5,2,0.2647,0.003119566556430557,0.2594,0.26525,0.262601415,0.0,incumbent,0.2594,False,,1c0b6822188b8c2574d5e2becb56c0a9479c0e64ef0744d43601143e7d3f666e,False,0.20997271147888213,1.1102230246251565e-16,game-latent-state-shadow-v1,3229bbc83a4388c270a21008a75afacc3479cfd6f6390c8737f041412d2f2eb4,False
2025-18446819-2leg_same_team-3,18446819,player 17896062 stl > 1.5|player 38017684 ast < 1.5,2,0.32125,0.0033018815658651356,0.3202,0.32005,0.32026779,0.0,incumbent,0.3202,False,,1c0b6822188b8c2574d5e2becb56c0a9479c0e64ef0744d43601143e7d3f666e,False,0.20997271147888213,1.1102230246251565e-16,game-latent-state-shadow-v1,3229bbc83a4388c270a21008a75afacc3479cfd6f6390c8737f041412d2f2eb4,False
2025-18446819-2leg_cross_team-4,18446819,player 17896062 stl < 1.5|player 89 reb > 4.5,2,0.1364,0.0024268811260545913,0.13985,0.1382,0.13833443,0.0,incumbent,0.13985,False,,1c0b6822188b8c2574d5e2becb56c0a9479c0e64ef0744d43601143e7d3f666e,False,0.20997271147888213,1.1102230246251565e-16,game-latent-state-shadow-v1,3229bbc83a4388c270a21008a75afacc3479cfd6f6390c8737f041412d2f2eb4,False
2025-18446819-2leg_cross_team-5,18446819,player 56677825 ast > 3.5|player 89 reb < 2.5,2,0.16915,0.002650832675783215,0.1718,0.1698,0.16751424,0.0,incumbent,0.1718,False,,1c0b6822188b8c2574d5e2becb56c0a9479c0e64ef0744d43601143e7d3f666e,False,0.20997271147888213,1.1102230246251565e-16,game-latent-state-shadow-v1,3229bbc83a4388c270a21008a75afacc3479cfd6f6390c8737f041412d2f2eb4,False
2025-18446819-3leg_same_team-6,18446819,player 140 ast > 2.5|player 56677825 stl > 2.5|player 3 pts > 4.5,3,0.09205,0.0020442210924946453,0.09315,0.09075,0.09454594792500001,0.0,incumbent,0.09315,False,,1c0b6822188b8c2574d5e2becb56c0a9479c0e64ef0744d43601143e7d3f666e,False,0.20997271147888213,1.1102230246251565e-16,game-latent-state-shadow-v1,3229bbc83a4388c270a21008a75afacc3479cfd6f6390c8737f041412d2f2eb4,False
2025-18446819-3leg_same_team-7,18446819,player 17896062 stl > 1.5|player 38017684 fg3m < 1.5|player 83 fg3m > 0.5,3,0.004,0.0004463182720884279,0.0048,0.00395,0.0043906331070000006,0.0,incumbent,0.0048,False,,1c0b6822188b8c2574d5e2becb56c0a9479c0e64ef0744d43601143e7d3f666e,False,0.20997271147888213,1.1102230246251565e-16,game-latent-state-shadow-v1,3229bbc83a4388c270a21008a75afacc3479cfd6f6390c8737f041412d2f2eb4,False
2025-18446819-3leg_mixed-8,18446819,player 666541 ast < 0.5|player 666541 fg3m > 2.5|player 175 ast > 6.5,3,0.04565,0.0014759078138555945,0.04545,0.0445,0.0512331496425,0.0,incumbent,0.04545,False,,1c0b6822188b8c2574d5e2becb56c0a9479c0e64ef0744d43601143e7d3f666e,False,0.20997271147888213,1.1102230246251565e-16,game-latent-state-shadow-v1,3229bbc83a4388c270a21008a75afacc3479cfd6f6390c8737f041412d2f2eb4,False
2025-18446819-3leg_mixed-9,18446819,player 56677833 reb < 2.5|player 56677833 pts > 5.5|player 17896078 reb < 3.5,3,0.15805,0.0025794398374453316,0.1591,0.16025,0.196947481604,0.0,incumbent,0.1591,False,,1c0b6822188b8c2574d5e2becb56c0a9479c0e64ef0744d43601143e7d3f666e,False,0.20997271147888213,1.1102230246251565e-16,game-latent-state-shadow-v1,3229bbc83a4388c270a21008a75afacc3479cfd6f6390c8737f041412d2f2eb4,False
2025-18446819-3leg_cross_team-10,18446819,player 56677825 fg3m < 0.5|player 201 reb < 5.5|player 38017685 stl < 0.5,3,0.1784,0.0027071520090308928,0.1743,0.17985,0.17961403810349996,0.0,incumbent,0.1743,False,,1c0b6822188b8c2574d5e2becb56c0a9479c0e64ef0744d43601143e7d3f666e,False,0.20997271147888213,1.1102230246251565e-16,game-latent-state-shadow-v1,3229bbc83a4388c270a21008a75afacc3479cfd6f6390c8737f041412d2f2eb4,False
2025-18446819-3leg_cross_team-11,18446819,player 89 pts > 8.5|player 356 stl > 1.5|player 17896062 fg3m > 0.5,3,0.03365,0.0012751015155665058,0.03345,0.0338,0.0328842597825,0.0,incumbent,0.03345,False,,1c0b6822188b8c2574d5e2becb56c0a9479c0e64ef0744d43601143e7d3f666e,False,0.20997271147888213,1.1102230246251565e-16,game-latent-state-shadow-v1,3229bbc83a4388c270a21008a75afacc3479cfd6f6390c8737f041412d2f2eb4,False
2025-18446819-4leg_mixed-12,18446819,player 1028028519 pts < 2.5|player 1028028519 reb < 1.5|player 17896062 reb > 12.5|player 17896078 pts > 5.5,4,0.0525,0.001577081957286938,0.04935,0.0553,0.042160641840148665,0.0,incumbent,0.04935,False,,1c0b6822188b8c2574d5e2becb56c0a9479c0e64ef0744d43601143e7d3f666e,False,0.20997271147888213,1.1102230246251565e-16,game-latent-state-shadow-v1,3229bbc83a4388c270a21008a75afacc3479cfd6f6390c8737f041412d2f2eb4,False
2025-18446819-4leg_mixed-13,18446819,player 89 pts > 10.5|player 89 reb > 2.5|player 56677833 reb < 2.5|player 356 fg3m < 1.5,4,0.0844,0.001965663246845705,0.08565,0.0855,0.07164395266184961,0.0,incumbent,0.08565,False,,1c0b6822188b8c2574d5e2becb56c0a9479c0e64ef0744d43601143e7d3f666e,False,0.20997271147888213,1.1102230246251565e-16,game-latent-state-shadow-v1,3229bbc83a4388c270a21008a75afacc3479cfd6f6390c8737f041412d2f2eb4,False
2025-18446819-4leg_cross_team-14,18446819,player 89 stl < 1.5|player 56677833 reb > 2.5|player 140 fg3m > 2.5|player 38017684 reb < 4.5,4,0.044,0.001450241359222664,0.04685,0.0444,0.0462703519079424,0.0,incumbent,0.04685,False,,1c0b6822188b8c2574d5e2becb56c0a9479c0e64ef0744d43601143e7d3f666e,False,0.20997271147888213,1.1102230246251565e-16,game-latent-state-shadow-v1,3229bbc83a4388c270a21008a75afacc3479cfd6f6390c8737f041412d2f2eb4,False
2025-18446819-4leg_cross_team-15,18446819,player 356 fg3m < 0.5|player 56677825 ast < 4.5|player 17896078 reb > 3.5|player 38017685 stl > 1.5,4,0.01015,0.0007087657405659503,0.0107,0.00995,0.010405125816783748,0.0,incumbent,0.0107,False,,1c0b6822188b8c2574d5e2becb56c0a9479c0e64ef0744d43601143e7d3f666e,False,0.20997271147888213,1.1102230246251565e-16,game-latent-state-shadow-v1,3229bbc83a4388c270a21008a75afacc3479cfd6f6390c8737f041412d2f2eb4,False
2025-18446939-2leg_same_player-0,18446939,player 18678058 ast > 1.5|player 18678058 stl > 1.5,2,0.1571,0.002573126405756235,0.16365,0.1562,0.1280916,0.0,incumbent,0.16365,False,,1c0b6822188b8c2574d5e2becb56c0a9479c0e64ef0744d43601143e7d3f666e,False,0.1561785388705852,1.1102230246251565e-16,game-latent-state-shadow-v1,3229bbc83a4388c270a21008a75afacc3479cfd6f6390c8737f041412d2f2eb4,False
2025-18446939-2leg_same_player-1,18446939,player 139 reb > 4.5|player 139 pts > 8.5,2,0.11525,0.0022579574564194076,0.1121,0.1159,0.0787636375,0.0,incumbent,0.1121,False,,1c0b6822188b8c2574d5e2becb56c0a9479c0e64ef0744d43601143e7d3f666e,False,0.1561785388705852,1.1102230246251565e-16,game-latent-state-shadow-v1,3229bbc83a4388c270a21008a75afacc3479cfd6f6390c8737f041412d2f2eb4,False
2025-18446939-2leg_same_team-2,18446939,player 247 stl > 0.5|player 33 stl > 1.5,2,0.06775,0.0017770753712209283,0.06685,0.06785,0.0687349,0.0,incumbent,0.06685,False,,1c0b6822188b8c2574d5e2becb56c0a9479c0e64ef0744d43601143e7d3f666e,False,0.1561785388705852,1.1102230246251565e-16,game-latent-state-shadow-v1,3229bbc83a4388c270a21008a75afacc3479cfd6f6390c8737f041412d2f2eb4,False
2025-18446939-2leg_same_team-3,18446939,player 247 stl > 1.5|player 33 reb > 3.5,2,0.0654,0.0017481824847538085,0.0659,0.06545,0.0653606,0.0,incumbent,0.0659,False,,1c0b6822188b8c2574d5e2becb56c0a9479c0e64ef0744d43601143e7d3f666e,False,0.1561785388705852,1.1102230246251565e-16,game-latent-state-shadow-v1,3229bbc83a4388c270a21008a75afacc3479cfd6f6390c8737f041412d2f2eb4,False
2025-18446939-2leg_cross_team-4,18446939,player 493 reb < 12.5|player 38017698 stl < 1.5,2,0.5101,0.003534812512708418,0.50915,0.50985,0.50939152,0.0,incumbent,0.50915,False,,1c0b6822188b8c2574d5e2becb56c0a9479c0e64ef0744d43601143e7d3f666e,False,0.1561785388705852,1.1102230246251565e-16,game-latent-state-shadow-v1,3229bbc83a4388c270a21008a75afacc3479cfd6f6390c8737f041412d2f2eb4,False
2025-18446939-2leg_cross_team-5,18446939,player 38017698 reb < 11.5|player 53 fg3m > 2.5,2,0.1649,0.0026240044778925204,0.16635,0.1645,0.1663409625,0.0,incumbent,0.16635,False,,1c0b6822188b8c2574d5e2becb56c0a9479c0e64ef0744d43601143e7d3f666e,False,0.1561785388705852,1.1102230246251565e-16,game-latent-state-shadow-v1,3229bbc83a4388c270a21008a75afacc3479cfd6f6390c8737f041412d2f2eb4,False
2025-18446939-3leg_same_team-6,18446939,player 17895966 reb > 2.5|player 1028025723 fg3m > 2.5|player 8 ast > 3.5,3,0.09535,0.0020767568165290804,0.0869,0.0929,0.090833785735,0.0,incumbent,0.0869,False,,1c0b6822188b8c2574d5e2becb56c0a9479c0e64ef0744d43601143e7d3f666e,False,0.1561785388705852,1.1102230246251565e-16,game-latent-state-shadow-v1,3229bbc83a4388c270a21008a75afacc3479cfd6f6390c8737f041412d2f2eb4,False
2025-18446939-3leg_same_team-7,18446939,player 38017727 fg3m < 2.5|player 17895966 ast < 3.5|player 18678058 reb > 3.5,3,0.1598,0.002590983982968633,0.16045,0.15955,0.15915799686150003,0.0,incumbent,0.16045,False,,1c0b6822188b8c2574d5e2becb56c0a9479c0e64ef0744d43601143e7d3f666e,False,0.1561785388705852,1.1102230246251565e-16,game-latent-state-shadow-v1,3229bbc83a4388c270a21008a75afacc3479cfd6f6390c8737f041412d2f2eb4,False
2025-18446939-3leg_mixed-8,18446939,player 53 fg3m > 2.5|player 53 stl < 1.5|player 139 stl < 2.5,3,0.13795,0.0024384400494988595,0.1391,0.1378,0.14411005791,0.0,incumbent,0.1391,False,,1c0b6822188b8c2574d5e2becb56c0a9479c0e64ef0744d43601143e7d3f666e,False,0.1561785388705852,1.1102230246251565e-16,game-latent-state-shadow-v1,3229bbc83a4388c270a21008a75afacc3479cfd6f6390c8737f041412d2f2eb4,False
2025-18446939-3leg_mixed-9,18446939,player 283 stl > 0.5|player 283 pts > 5.5|player 247 stl > 0.5,3,0.11885,0.0022882818609166137,0.1223,0.1184,0.112478912125,0.0,incumbent,0.1223,False,,1c0b6822188b8c2574d5e2becb56c0a9479c0e64ef0744d43601143e7d3f666e,False,0.1561785388705852,1.1102230246251565e-16,game-latent-state-shadow-v1,3229bbc83a4388c270a21008a75afacc3479cfd6f6390c8737f041412d2f2eb4,False
2025-18446939-3leg_cross_team-10,18446939,player 37 ast < 2.5|player 38017727 pts > 10.5|player 8 pts < 14.5,3,0.1327,0.002398861292363525,0.13685,0.1316,0.1352853314505,0.0,incumbent,0.13685,False,,1c0b6822188b8c2574d5e2becb56c0a9479c0e64ef0744d43601143e7d3f666e,False,0.1561785388705852,1.1102230246251565e-16,game-latent-state-shadow-v1,3229bbc83a4388c270a21008a75afacc3479cfd6f6390c8737f041412d2f2eb4,False
2025-18446939-3leg_cross_team-11,18446939,player 37 reb > 1.5|player 38017698 reb < 11.5|player 1028036515 pts < 4.5,3,0.22375,0.002946913109509678,0.21195,0.22285,0.21621536982675,0.0,incumbent,0.21195,False,,1c0b6822188b8c2574d5e2becb56c0a9479c0e64ef0744d43601143e7d3f666e,False,0.1561785388705852,1.1102230246251565e-16,game-latent-state-shadow-v1,3229bbc83a4388c270a21008a75afacc3479cfd6f6390c8737f041412d2f2eb4,False
2025-18446939-4leg_mixed-12,18446939,player 57 stl < 1.5|player 57 reb < 3.5|player 38017727 pts < 10.5|player 53 reb < 3.5,4,0.12805,0.002362765302563926,0.12645,0.12635,0.1223803389860784,0.0,incumbent,0.12645,False,,1c0b6822188b8c2574d5e2becb56c0a9479c0e64ef0744d43601143e7d3f666e,False,0.1561785388705852,1.1102230246251565e-16,game-latent-state-shadow-v1,3229bbc83a4388c270a21008a75afacc3479cfd6f6390c8737f041412d2f2eb4,False
2025-18446939-4leg_mixed-13,18446939,player 1028025723 fg3m > 1.5|player 1028025723 reb > 6.5|player 1028036515 pts > 6.5|player 101 reb < 6.5,4,0.0379,0.0013502516432132197,0.03865,0.03785,0.03169544125204958,0.0,incumbent,0.03865,False,,1c0b6822188b8c2574d5e2becb56c0a9479c0e64ef0744d43601143e7d3f666e,False,0.1561785388705852,1.1102230246251565e-16,game-latent-state-shadow-v1,3229bbc83a4388c270a21008a75afacc3479cfd6f6390c8737f041412d2f2eb4,False
2025-18446939-4leg_cross_team-14,18446939,player 57 fg3m < 2.5|player 8 fg3m > 2.5|player 139 ast > 1.5|player 493 reb < 10.5,4,0.1116,0.0022264932068164953,0.1084,0.1112,0.10900622546146124,0.0,incumbent,0.1084,False,,1c0b6822188b8c2574d5e2becb56c0a9479c0e64ef0744d43601143e7d3f666e,False,0.1561785388705852,1.1102230246251565e-16,game-latent-state-shadow-v1,3229bbc83a4388c270a21008a75afacc3479cfd6f6390c8737f041412d2f2eb4,False
2025-18446939-4leg_cross_team-15,18446939,player 17895966 fg3m > 2.5|player 351 reb < 4.5|player 139 ast > 1.5|player 37 fg3m > 1.5,4,0.0305,0.0012159307134865867,0.02885,0.02895,0.03068404240791825,0.0,incumbent,0.02885,False,,1c0b6822188b8c2574d5e2becb56c0a9479c0e64ef0744d43601143e7d3f666e,False,0.1561785388705852,1.1102230246251565e-16,game-latent-state-shadow-v1,3229bbc83a4388c270a21008a75afacc3479cfd6f6390c8737f041412d2f2eb4,False
2025-18447059-2leg_same_player-0,18447059,player 1028039105 ast < 1.5|player 1028039105 pts > 10.5,2,0.2291,0.0029716425592591048,0.2428,0.23035,0.25986296000000003,0.0,incumbent,0.2428,False,,1c0b6822188b8c2574d5e2becb56c0a9479c0e64ef0744d43601143e7d3f666e,False,0.17525030978417297,1.1102230246251565e-16,game-latent-state-shadow-v1,3229bbc83a4388c270a21008a75afacc3479cfd6f6390c8737f041412d2f2eb4,False
2025-18447059-2leg_same_player-1,18447059,player 3547293 fg3m < 1.5|player 3547293 stl > 0.5,2,0.40015,0.003464317952353681,0.394,0.39865,0.41529429000000007,0.0,incumbent,0.394,False,,1c0b6822188b8c2574d5e2becb56c0a9479c0e64ef0744d43601143e7d3f666e,False,0.17525030978417297,1.1102230246251565e-16,game-latent-state-shadow-v1,3229bbc83a4388c270a21008a75afacc3479cfd6f6390c8737f041412d2f2eb4,False
2025-18447059-2leg_same_team-2,18447059,player 666950 stl > 0.5|player 666577 ast < 1.5,2,0.3563,0.003386372026225116,0.35525,0.35655,0.355477075,0.0,incumbent,0.35525,False,,1c0b6822188b8c2574d5e2becb56c0a9479c0e64ef0744d43601143e7d3f666e,False,0.17525030978417297,1.1102230246251565e-16,game-latent-state-shadow-v1,3229bbc83a4388c270a21008a75afacc3479cfd6f6390c8737f041412d2f2eb4,False
2025-18447059-2leg_same_team-3,18447059,player 81 reb > 3.5|player 1028039105 fg3m < 1.5,2,0.11075,0.0022190587813304993,0.1105,0.1111,0.1122905225,0.0,incumbent,0.1105,False,,1c0b6822188b8c2574d5e2becb56c0a9479c0e64ef0744d43601143e7d3f666e,False,0.17525030978417297,1.1102230246251565e-16,game-latent-state-shadow-v1,3229bbc83a4388c270a21008a75afacc3479cfd6f6390c8737f041412d2f2eb4,False
2025-18447059-2leg_cross_team-4,18447059,player 1028039105 ast < 2.5|player 3547293 stl < 1.5,2,0.57485,0.003495693618582727,0.58285,0.5748,0.57422106,0.0,incumbent,0.58285,False,,1c0b6822188b8c2574d5e2becb56c0a9479c0e64ef0744d43601143e7d3f666e,False,0.17525030978417297,1.1102230246251565e-16,game-latent-state-shadow-v1,3229bbc83a4388c270a21008a75afacc3479cfd6f6390c8737f041412d2f2eb4,False
2025-18447059-2leg_cross_team-5,18447059,player 1057845382 stl < 0.5|player 1028048549 pts > 8.5,2,0.3308,0.0033269457464767892,0.3312,0.33265,0.3336761225,0.0,incumbent,0.3312,False,,1c0b6822188b8c2574d5e2becb56c0a9479c0e64ef0744d43601143e7d3f666e,False,0.17525030978417297,1.1102230246251565e-16,game-latent-state-shadow-v1,3229bbc83a4388c270a21008a75afacc3479cfd6f6390c8737f041412d2f2eb4,False
2025-18447059-3leg_same_team-6,18447059,player 1057845382 stl < 0.5|player 666747 reb > 1.5|player 666950 stl < 1.5,3,0.30595,0.003258409101847096,0.30385,0.3059,0.3052798594325,0.0,incumbent,0.30385,False,,1c0b6822188b8c2574d5e2becb56c0a9479c0e64ef0744d43601143e7d3f666e,False,0.17525030978417297,1.1102230246251565e-16,game-latent-state-shadow-v1,3229bbc83a4388c270a21008a75afacc3479cfd6f6390c8737f041412d2f2eb4,False
2025-18447059-3leg_same_team-7,18447059,player 1057845382 fg3m > 0.5|player 666747 stl > 1.5|player 666950 pts > 18.5,3,0.0004,0.00014139306913706908,0.001,0.00055,0.000532133653125,0.0,incumbent,0.001,False,,1c0b6822188b8c2574d5e2becb56c0a9479c0e64ef0744d43601143e7d3f666e,False,0.17525030978417297,1.1102230246251565e-16,game-latent-state-shadow-v1,3229bbc83a4388c270a21008a75afacc3479cfd6f6390c8737f041412d2f2eb4,False
2025-18447059-3leg_mixed-8,18447059,player 38017731 ast > 4.5|player 38017731 fg3m < 1.5|player 666703 stl < 1.5,3,0.15055,0.0025286824385438358,0.144,0.1493,0.160333613982,0.0,incumbent,0.144,False,,1c0b6822188b8c2574d5e2becb56c0a9479c0e64ef0744d43601143e7d3f666e,False,0.17525030978417297,1.1102230246251565e-16,game-latent-state-shadow-v1,3229bbc83a4388c270a21008a75afacc3479cfd6f6390c8737f041412d2f2eb4,False
2025-18447059-3leg_mixed-9,18447059,player 81 reb > 3.5|player 81 stl < 1.5|player 1028048549 stl < 0.5,3,0.0568,0.0016366697895421668,0.05905,0.05685,0.059931717545000006,0.0,incumbent,0.05905,False,,1c0b6822188b8c2574d5e2becb56c0a9479c0e64ef0744d43601143e7d3f666e,False,0.17525030978417297,1.1102230246251565e-16,game-latent-state-shadow-v1,3229bbc83a4388c270a21008a75afacc3479cfd6f6390c8737f041412d2f2eb4,False
2025-18447059-3leg_cross_team-10,18447059,player 443 stl < 0.5|player 56677859 pts > 4.5|player 1028048549 ast > 4.5,3,0.10365,0.0021553036619001045,0.09965,0.10015,0.102140003568,0.0,incumbent,0.09965,False,,1c0b6822188b8c2574d5e2becb56c0a9479c0e64ef0744d43601143e7d3f666e,False,0.17525030978417297,1.1102230246251565e-16,game-latent-state-shadow-v1,3229bbc83a4388c270a21008a75afacc3479cfd6f6390c8737f041412d2f2eb4,False
2025-18447059-3leg_cross_team-11,18447059,player 81 reb > 1.5|player 666747 reb > 2.5|player 443 fg3m < 2.5,3,0.1235,0.002326453846522643,0.12555,0.1231,0.123597784674,0.0,incumbent,0.12555,False,,1c0b6822188b8c2574d5e2becb56c0a9479c0e64ef0744d43601143e7d3f666e,False,0.17525030978417297,1.1102230246251565e-16,game-latent-state-shadow-v1,3229bbc83a4388c270a21008a75afacc3479cfd6f6390c8737f041412d2f2eb4,False
2025-18447059-4leg_mixed-12,18447059,player 19465326 ast > 2.5|player 19465326 reb > 5.5|player 1057266649 fg3m > 2.5|player 666950 reb < 7.5,4,0.0291,0.0011885535326606035,0.0261,0.0282,0.0220344060845484,0.0,incumbent,0.0261,False,,1c0b6822188b8c2574d5e2becb56c0a9479c0e64ef0744d43601143e7d3f666e,False,0.17525030978417297,1.1102230246251565e-16,game-latent-state-shadow-v1,3229bbc83a4388c270a21008a75afacc3479cfd6f6390c8737f041412d2f2eb4,False
2025-18447059-4leg_mixed-13,18447059,player 17896067 ast > 3.5|player 17896067 fg3m > 1.5|player 666703 ast > 0.5|player 24489167 pts < 12.5,4,0.06225,0.001708434041747003,0.0645,0.06115,0.05766517978864351,0.0,incumbent,0.0645,False,,1c0b6822188b8c2574d5e2becb56c0a9479c0e64ef0744d43601143e7d3f666e,False,0.17525030978417297,1.1102230246251565e-16,game-latent-state-shadow-v1,3229bbc83a4388c270a21008a75afacc3479cfd6f6390c8737f041412d2f2eb4,False
2025-18447059-4leg_cross_team-14,18447059,player 1028025754 ast > 1.5|player 81 pts < 8.5|player 3547293 stl < 1.5|player 666747 pts < 3.5,4,0.10315,0.0021506984621280597,0.10565,0.1053,0.10506377100357021,0.0,incumbent,0.10565,False,,1c0b6822188b8c2574d5e2becb56c0a9479c0e64ef0744d43601143e7d3f666e,False,0.17525030978417297,1.1102230246251565e-16,game-latent-state-shadow-v1,3229bbc83a4388c270a21008a75afacc3479cfd6f6390c8737f041412d2f2eb4,False
2025-18447059-4leg_cross_team-15,18447059,player 1028025754 stl < 0.5|player 56677859 fg3m < 0.5|player 666747 ast > 1.5|player 38017679 ast > 1.5,4,0.0381,0.0013536689033881218,0.03925,0.03855,0.038252754423975,0.0,incumbent,0.03925,False,,1c0b6822188b8c2574d5e2becb56c0a9479c0e64ef0744d43601143e7d3f666e,False,0.17525030978417297,1.1102230246251565e-16,game-latent-state-shadow-v1,3229bbc83a4388c270a21008a75afacc3479cfd6f6390c8737f041412d2f2eb4,False
2025-18447179-2leg_same_player-0,18447179,player 1028025261 pts > 14.5|player 1028025261 fg3m < 1.5,2,0.2861,0.003195675124289076,0.28645,0.28615,0.37649472000000006,0.0,incumbent,0.28645,False,,1c0b6822188b8c2574d5e2becb56c0a9479c0e64ef0744d43601143e7d3f666e,False,0.17189814720748214,1.1102230246251565e-16,game-latent-state-shadow-v1,3229bbc83a4388c270a21008a75afacc3479cfd6f6390c8737f041412d2f2eb4,False
2025-18447179-2leg_same_player-1,18447179,player 1028025235 ast > 6.5|player 1028025235 pts > 10.5,2,0.1836,0.002737617942664754,0.1856,0.1852,0.1491290125,0.0,incumbent,0.1856,False,,1c0b6822188b8c2574d5e2becb56c0a9479c0e64ef0744d43601143e7d3f666e,False,0.17189814720748214,1.1102230246251565e-16,game-latent-state-shadow-v1,3229bbc83a4388c270a21008a75afacc3479cfd6f6390c8737f041412d2f2eb4,False
2025-18447179-2leg_same_team-2,18447179,player 1057262518 reb < 3.5|player 3547246 fg3m > 3.5,2,0.19105,0.002779837202967109,0.19475,0.1909,0.1895518,0.0,incumbent,0.19475,False,,1c0b6822188b8c2574d5e2becb56c0a9479c0e64ef0744d43601143e7d3f666e,False,0.17189814720748214,1.1102230246251565e-16,game-latent-state-shadow-v1,3229bbc83a4388c270a21008a75afacc3479cfd6f6390c8737f041412d2f2eb4,False
2025-18447179-2leg_same_team-3,18447179,player 3547246 pts < 12.5|player 56677822 fg3m > 2.5,2,0.11405,0.0022476943464359205,0.1097,0.11245,0.11323125,0.0,incumbent,0.1097,False,,1c0b6822188b8c2574d5e2becb56c0a9479c0e64ef0744d43601143e7d3f666e,False,0.17189814720748214,1.1102230246251565e-16,game-latent-state-shadow-v1,3229bbc83a4388c270a21008a75afacc3479cfd6f6390c8737f041412d2f2eb4,False
2025-18447179-2leg_cross_team-4,18447179,player 1028025235 stl > 0.5|player 666682 ast < 2.5,2,0.3998,0.003463812639274821,0.4015,0.3996,0.40003600000000006,0.0,incumbent,0.4015,False,,1c0b6822188b8c2574d5e2becb56c0a9479c0e64ef0744d43601143e7d3f666e,False,0.17189814720748214,1.1102230246251565e-16,game-latent-state-shadow-v1,3229bbc83a4388c270a21008a75afacc3479cfd6f6390c8737f041412d2f2eb4,False
2025-18447179-2leg_cross_team-5,18447179,player 261 fg3m < 0.5|player 1057262985 reb < 3.5,2,0.7666,0.002991023570619262,0.76325,0.76555,0.7667133174999999,0.0,incumbent,0.76325,False,,1c0b6822188b8c2574d5e2becb56c0a9479c0e64ef0744d43601143e7d3f666e,False,0.17189814720748214,1.1102230246251565e-16,game-latent-state-shadow-v1,3229bbc83a4388c270a21008a75afacc3479cfd6f6390c8737f041412d2f2eb4,False
2025-18447179-3leg_same_team-6,18447179,player 3547246 reb > 4.5|player 261 reb > 8.5|player 30 pts > 10.5,3,0.05285,0.0015820378867144745,0.05165,0.0516,0.051714378559999996,0.0,incumbent,0.05165,False,,1c0b6822188b8c2574d5e2becb56c0a9479c0e64ef0744d43601143e7d3f666e,False,0.17189814720748214,1.1102230246251565e-16,game-latent-state-shadow-v1,3229bbc83a4388c270a21008a75afacc3479cfd6f6390c8737f041412d2f2eb4,False
2025-18447179-3leg_same_team-7,18447179,player 38017649 stl < 1.5|player 56677822 pts > 23.5|player 1057262518 pts > 13.5,3,0.1788,0.002709525419699915,0.1768,0.1796,0.17680841136,0.0,incumbent,0.1768,False,,1c0b6822188b8c2574d5e2becb56c0a9479c0e64ef0744d43601143e7d3f666e,False,0.17189814720748214,1.1102230246251565e-16,game-latent-state-shadow-v1,3229bbc83a4388c270a21008a75afacc3479cfd6f6390c8737f041412d2f2eb4,False
2025-18447179-3leg_mixed-8,18447179,player 17896039 ast > 1.5|player 17896039 pts > 9.5|player 56677844 stl < 0.5,3,0.05585,0.0016237422440153486,0.05785,0.0568,0.04550512175625,0.0,incumbent,0.05785,False,,1c0b6822188b8c2574d5e2becb56c0a9479c0e64ef0744d43601143e7d3f666e,False,0.17189814720748214,1.1102230246251565e-16,game-latent-state-shadow-v1,3229bbc83a4388c270a21008a75afacc3479cfd6f6390c8737f041412d2f2eb4,False
2025-18447179-3leg_mixed-9,18447179,player 303 reb < 3.5|player 303 ast < 5.5|player 56677844 reb > 4.5,3,0.1184,0.0022845288354494454,0.1196,0.12005,0.114865954686,0.0,incumbent,0.1196,False,,1c0b6822188b8c2574d5e2becb56c0a9479c0e64ef0744d43601143e7d3f666e,False,0.17189814720748214,1.1102230246251565e-16,game-latent-state-shadow-v1,3229bbc83a4388c270a21008a75afacc3479cfd6f6390c8737f041412d2f2eb4,False
2025-18447179-3leg_cross_team-10,18447179,player 1028028405 ast > 3.5|player 161 reb < 3.5|player 261 fg3m < 0.5,3,0.1609,0.00259818388494733,0.15885,0.15915,0.16059705821249998,0.0,incumbent,0.15885,False,,1c0b6822188b8c2574d5e2becb56c0a9479c0e64ef0744d43601143e7d3f666e,False,0.17189814720748214,1.1102230246251565e-16,game-latent-state-shadow-v1,3229bbc83a4388c270a21008a75afacc3479cfd6f6390c8737f041412d2f2eb4,False
2025-18447179-3leg_cross_team-11,18447179,player 161 ast < 8.5|player 1028025235 ast > 4.5|player 1016384149 ast > 1.5,3,0.16125,0.0026004657034846665,0.1629,0.16185,0.16373201804999998,0.0,incumbent,0.1629,False,,1c0b6822188b8c2574d5e2becb56c0a9479c0e64ef0744d43601143e7d3f666e,False,0.17189814720748214,1.1102230246251565e-16,game-latent-state-shadow-v1,3229bbc83a4388c270a21008a75afacc3479cfd6f6390c8737f041412d2f2eb4,False
2025-18447179-4leg_mixed-12,18447179,player 38017699 pts < 4.5|player 38017699 ast < 1.5|player 3547246 stl > 1.5|player 1028028405 fg3m < 1.5,4,0.0517,0.001565680522967569,0.0513,0.0535,0.04762007165218229,0.0,incumbent,0.0513,False,,1c0b6822188b8c2574d5e2becb56c0a9479c0e64ef0744d43601143e7d3f666e,False,0.17189814720748214,1.1102230246251565e-16,game-latent-state-shadow-v1,3229bbc83a4388c270a21008a75afacc3479cfd6f6390c8737f041412d2f2eb4,False
2025-18447179-4leg_mixed-13,18447179,player 261 fg3m < 0.5|player 261 stl > 0.5|player 161 reb < 4.5|player 17896039 ast > 1.5,4,0.09245,0.002048206502040261,0.0901,0.09235,0.09077738406951501,0.0,incumbent,0.0901,False,,1c0b6822188b8c2574d5e2becb56c0a9479c0e64ef0744d43601143e7d3f666e,False,0.17189814720748214,1.1102230246251565e-16,game-latent-state-shadow-v1,3229bbc83a4388c270a21008a75afacc3479cfd6f6390c8737f041412d2f2eb4,False
2025-18447179-4leg_cross_team-14,18447179,player 161 pts < 17.5|player 56677822 stl > 1.5|player 303 ast < 3.5|player 56677844 stl > 1.5,4,0.01405,0.000832243879520901,0.01315,0.01435,0.01421281746229589,0.0,incumbent,0.01315,False,,1c0b6822188b8c2574d5e2becb56c0a9479c0e64ef0744d43601143e7d3f666e,False,0.17189814720748214,1.1102230246251565e-16,game-latent-state-shadow-v1,3229bbc83a4388c270a21008a75afacc3479cfd6f6390c8737f041412d2f2eb4,False
2025-18447179-4leg_cross_team-15,18447179,player 38017649 reb > 6.5|player 666682 reb > 4.5|player 1057279594 pts > 4.5|player 1028025235 ast < 6.5,4,0.05825,0.0016561542425148693,0.0575,0.05885,0.05890015410091312,0.0,incumbent,0.0575,False,,1c0b6822188b8c2574d5e2becb56c0a9479c0e64ef0744d43601143e7d3f666e,False,0.17189814720748214,1.1102230246251565e-16,game-latent-state-shadow-v1,3229bbc83a4388c270a21008a75afacc3479cfd6f6390c8737f041412d2f2eb4,False
2025-18447299-2leg_same_player-0,18447299,player 132 reb < 7.5|player 132 ast > 10.5,2,0.1292,0.0023717858250693717,0.1229,0.12885,0.16846830000000002,0.0,incumbent,0.1229,False,,1c0b6822188b8c2574d5e2becb56c0a9479c0e64ef0744d43601143e7d3f666e,False,0.20443259240259756,1.1102230246251565e-16,game-latent-state-shadow-v1,3229bbc83a4388c270a21008a75afacc3479cfd6f6390c8737f041412d2f2eb4,False
2025-18447299-2leg_same_player-1,18447299,player 56677846 reb < 1.5|player 56677846 stl > 0.5,2,0.1554,0.0025617458890373965,0.1591,0.15555,0.16468410000000003,0.0,incumbent,0.1591,False,,1c0b6822188b8c2574d5e2becb56c0a9479c0e64ef0744d43601143e7d3f666e,False,0.20443259240259756,1.1102230246251565e-16,game-latent-state-shadow-v1,3229bbc83a4388c270a21008a75afacc3479cfd6f6390c8737f041412d2f2eb4,False
2025-18447299-2leg_same_team-2,18447299,player 666786 stl > 1.5|player 38017710 stl > 0.5,2,0.123,0.002322401774026191,0.1226,0.1229,0.12383622,0.0,incumbent,0.1226,False,,1c0b6822188b8c2574d5e2becb56c0a9479c0e64ef0744d43601143e7d3f666e,False,0.20443259240259756,1.1102230246251565e-16,game-latent-state-shadow-v1,3229bbc83a4388c270a21008a75afacc3479cfd6f6390c8737f041412d2f2eb4,False
2025-18447299-2leg_same_team-3,18447299,player 19465326 pts > 13.5|player 81 stl < 0.5,2,0.16515,0.00262559971720748,0.16555,0.1654,0.16564646500000002,0.0,incumbent,0.16555,False,,1c0b6822188b8c2574d5e2becb56c0a9479c0e64ef0744d43601143e7d3f666e,False,0.20443259240259756,1.1102230246251565e-16,game-latent-state-shadow-v1,3229bbc83a4388c270a21008a75afacc3479cfd6f6390c8737f041412d2f2eb4,False
2025-18447299-2leg_cross_team-4,18447299,player 38017728 fg3m > 1.5|player 38017710 ast > 1.5,2,0.0798,0.0019161414352808093,0.07445,0.078,0.076309025,0.0,incumbent,0.07445,False,,1c0b6822188b8c2574d5e2becb56c0a9479c0e64ef0744d43601143e7d3f666e,False,0.20443259240259756,1.1102230246251565e-16,game-latent-state-shadow-v1,3229bbc83a4388c270a21008a75afacc3479cfd6f6390c8737f041412d2f2eb4,False
2025-18447299-2leg_cross_team-5,18447299,player 132 fg3m < 4.5|player 1028039105 pts < 13.5,2,0.36605,0.0034062985592868984,0.36485,0.3633,0.36761809500000003,0.0,incumbent,0.36485,False,,1c0b6822188b8c2574d5e2becb56c0a9479c0e64ef0744d43601143e7d3f666e,False,0.20443259240259756,1.1102230246251565e-16,game-latent-state-shadow-v1,3229bbc83a4388c270a21008a75afacc3479cfd6f6390c8737f041412d2f2eb4,False
2025-18447299-3leg_same_team-6,18447299,player 38017728 pts > 7.5|player 22 fg3m < 0.5|player 56677846 reb > 2.5,3,0.16585,0.002630054918628126,0.16265,0.1644,0.16341710675899995,0.0,incumbent,0.16265,False,,1c0b6822188b8c2574d5e2becb56c0a9479c0e64ef0744d43601143e7d3f666e,False,0.20443259240259756,1.1102230246251565e-16,game-latent-state-shadow-v1,3229bbc83a4388c270a21008a75afacc3479cfd6f6390c8737f041412d2f2eb4,False
2025-18447299-3leg_same_team-7,18447299,player 1057266649 ast > 3.5|player 56677830 pts < 10.5|player 1028048549 fg3m > 3.5,3,0.0674,0.0017728118907543462,0.06695,0.06645,0.067043679642,0.0,incumbent,0.06695,False,,1c0b6822188b8c2574d5e2becb56c0a9479c0e64ef0744d43601143e7d3f666e,False,0.20443259240259756,1.1102230246251565e-16,game-latent-state-shadow-v1,3229bbc83a4388c270a21008a75afacc3479cfd6f6390c8737f041412d2f2eb4,False
2025-18447299-3leg_mixed-8,18447299,player 38017710 pts < 4.5|player 38017710 stl > 0.5|player 1028039105 fg3m > 2.5,3,0.0709,0.001814844208189783,0.07495,0.07095,0.07770438531900001,0.0,incumbent,0.07495,False,,1c0b6822188b8c2574d5e2becb56c0a9479c0e64ef0744d43601143e7d3f666e,False,0.20443259240259756,1.1102230246251565e-16,game-latent-state-shadow-v1,3229bbc83a4388c270a21008a75afacc3479cfd6f6390c8737f041412d2f2eb4,False
2025-18447299-3leg_mixed-9,18447299,player 231 pts < 23.5|player 231 ast > 2.5|player 666786 pts > 22.5,3,0.12,0.0022978250586152115,0.1195,0.11505,0.12471463315124999,0.0,incumbent,0.1195,False,,1c0b6822188b8c2574d5e2becb56c0a9479c0e64ef0744d43601143e7d3f666e,False,0.20443259240259756,1.1102230246251565e-16,game-latent-state-shadow-v1,3229bbc83a4388c270a21008a75afacc3479cfd6f6390c8737f041412d2f2eb4,False
2025-18447299-3leg_cross_team-10,18447299,player 666626 pts > 5.5|player 38017710 pts < 3.5|player 231 ast > 2.5,3,0.1252,0.0023401384574422085,0.13245,0.1319,0.130413434534,0.0,incumbent,0.13245,False,,1c0b6822188b8c2574d5e2becb56c0a9479c0e64ef0744d43601143e7d3f666e,False,0.20443259240259756,1.1102230246251565e-16,game-latent-state-shadow-v1,3229bbc83a4388c270a21008a75afacc3479cfd6f6390c8737f041412d2f2eb4,False
2025-18447299-3leg_cross_team-11,18447299,player 38017710 ast > 1.5|player 457 fg3m > 1.5|player 56677846 pts > 6.5,3,0.03065,0.0012188227414189482,0.0321,0.02945,0.030551165588125002,0.0,incumbent,0.0321,False,,1c0b6822188b8c2574d5e2becb56c0a9479c0e64ef0744d43601143e7d3f666e,False,0.20443259240259756,1.1102230246251565e-16,game-latent-state-shadow-v1,3229bbc83a4388c270a21008a75afacc3479cfd6f6390c8737f041412d2f2eb4,False
2025-18447299-4leg_mixed-12,18447299,player 666626 stl > 0.5|player 666626 pts > 5.5|player 22 fg3m > 0.5|player 1028039105 fg3m > 2.5,4,0.0006,0.00017315311143609288,0.00025,0.00055,0.0003724687194606,0.0,incumbent,0.00025,False,,1c0b6822188b8c2574d5e2becb56c0a9479c0e64ef0744d43601143e7d3f666e,False,0.20443259240259756,1.1102230246251565e-16,game-latent-state-shadow-v1,3229bbc83a4388c270a21008a75afacc3479cfd6f6390c8737f041412d2f2eb4,False
2025-18447299-4leg_mixed-13,18447299,player 19465326 pts < 11.5|player 19465326 reb > 5.5|player 666786 reb > 3.5|player 420 fg3m < 1.5,4,0.0503,0.0015454758166985338,0.0534,0.05205,0.07156193513207759,0.0,incumbent,0.0534,False,,1c0b6822188b8c2574d5e2becb56c0a9479c0e64ef0744d43601143e7d3f666e,False,0.20443259240259756,1.1102230246251565e-16,game-latent-state-shadow-v1,3229bbc83a4388c270a21008a75afacc3479cfd6f6390c8737f041412d2f2eb4,False
2025-18447299-4leg_cross_team-14,18447299,player 666626 fg3m > 0.5|player 132 stl < 2.5|player 1028048549 reb < 2.5|player 1057266649 reb < 7.5,4,0.00225,0.00033503264766288076,0.0027,0.00205,0.0027920060678400006,0.0,incumbent,0.0027,False,,1c0b6822188b8c2574d5e2becb56c0a9479c0e64ef0744d43601143e7d3f666e,False,0.20443259240259756,1.1102230246251565e-16,game-latent-state-shadow-v1,3229bbc83a4388c270a21008a75afacc3479cfd6f6390c8737f041412d2f2eb4,False
2025-18447299-4leg_cross_team-15,18447299,player 19465326 stl > 1.5|player 56677830 pts > 6.5|player 237 pts > 17.5|player 22 fg3m < 0.5,4,0.041,0.0014021233897200346,0.04135,0.03995,0.03902522499615992,0.0,incumbent,0.04135,False,,1c0b6822188b8c2574d5e2becb56c0a9479c0e64ef0744d43601143e7d3f666e,False,0.20443259240259756,1.1102230246251565e-16,game-latent-state-shadow-v1,3229bbc83a4388c270a21008a75afacc3479cfd6f6390c8737f041412d2f2eb4,False
2025-18447419-2leg_same_player-0,18447419,player 56677823 fg3m < 2.5|player 56677823 pts < 16.5,2,0.3106,0.0032720608185056706,0.31,0.3093,0.1898362375,0.0,incumbent,0.31,False,,1c0b6822188b8c2574d5e2becb56c0a9479c0e64ef0744d43601143e7d3f666e,False,0.17724979146808953,1.1102230246251565e-16,game-latent-state-shadow-v1,3229bbc83a4388c270a21008a75afacc3479cfd6f6390c8737f041412d2f2eb4,False
2025-18447419-2leg_same_player-1,18447419,player 1057263194 fg3m > 2.5|player 1057263194 stl > 0.5,2,0.2548,0.003081208853680646,0.2514,0.2553,0.24236747999999997,0.0,incumbent,0.2514,False,,1c0b6822188b8c2574d5e2becb56c0a9479c0e64ef0744d43601143e7d3f666e,False,0.17724979146808953,1.1102230246251565e-16,game-latent-state-shadow-v1,3229bbc83a4388c270a21008a75afacc3479cfd6f6390c8737f041412d2f2eb4,False
2025-18447419-2leg_same_team-2,18447419,player 62 reb > 5.5|player 38017725 reb > 9.5,2,0.3471,0.0033661668853460017,0.3477,0.3476,0.34566802,0.0,incumbent,0.3477,False,,1c0b6822188b8c2574d5e2becb56c0a9479c0e64ef0744d43601143e7d3f666e,False,0.17724979146808953,1.1102230246251565e-16,game-latent-state-shadow-v1,3229bbc83a4388c270a21008a75afacc3479cfd6f6390c8737f041412d2f2eb4,False
2025-18447419-2leg_same_team-3,18447419,player 3547239 ast < 8.5|player 1057263194 pts > 15.5,2,0.35175,0.003376551032488625,0.3592,0.3582,0.358532665,0.0,incumbent,0.3592,False,,1c0b6822188b8c2574d5e2becb56c0a9479c0e64ef0744d43601143e7d3f666e,False,0.17724979146808953,1.1102230246251565e-16,game-latent-state-shadow-v1,3229bbc83a4388c270a21008a75afacc3479cfd6f6390c8737f041412d2f2eb4,False
2025-18447419-2leg_cross_team-4,18447419,player 3547258 ast > 1.5|player 335 ast > 9.5,2,0.0785,0.0019018116363089168,0.07345,0.07695,0.07756125000000001,0.0,incumbent,0.07345,False,,1c0b6822188b8c2574d5e2becb56c0a9479c0e64ef0744d43601143e7d3f666e,False,0.17724979146808953,1.1102230246251565e-16,game-latent-state-shadow-v1,3229bbc83a4388c270a21008a75afacc3479cfd6f6390c8737f041412d2f2eb4,False
2025-18447419-2leg_cross_team-5,18447419,player 69 ast < 3.5|player 1057384362 pts < 8.5,2,0.5341,0.003527302014287974,0.5378,0.53365,0.53354322,0.0,incumbent,0.5378,False,,1c0b6822188b8c2574d5e2becb56c0a9479c0e64ef0744d43601143e7d3f666e,False,0.17724979146808953,1.1102230246251565e-16,game-latent-state-shadow-v1,3229bbc83a4388c270a21008a75afacc3479cfd6f6390c8737f041412d2f2eb4,False
2025-18447419-3leg_same_team-6,18447419,player 191 stl > 1.5|player 56677582 reb < 3.5|player 69 fg3m > 0.5,3,0.02595,0.001124201883560066,0.02625,0.0255,0.026697298589999998,0.0,incumbent,0.02625,False,,1c0b6822188b8c2574d5e2becb56c0a9479c0e64ef0744d43601143e7d3f666e,False,0.17724979146808953,1.1102230246251565e-16,game-latent-state-shadow-v1,3229bbc83a4388c270a21008a75afacc3479cfd6f6390c8737f041412d2f2eb4,False
2025-18447419-3leg_same_team-7,18447419,player 191 reb > 3.5|player 56677582 ast > 3.5|player 69 fg3m < 0.5,3,0.10825,0.0021969517234113273,0.1093,0.10935,0.107556186335,0.0,incumbent,0.1093,False,,1c0b6822188b8c2574d5e2becb56c0a9479c0e64ef0744d43601143e7d3f666e,False,0.17724979146808953,1.1102230246251565e-16,game-latent-state-shadow-v1,3229bbc83a4388c270a21008a75afacc3479cfd6f6390c8737f041412d2f2eb4,False
2025-18447419-3leg_mixed-8,18447419,player 56677582 ast > 3.5|player 56677582 stl > 1.5|player 335 ast < 7.5,3,0.0445,0.0014580766440760238,0.04375,0.04475,0.030141303192,0.0,incumbent,0.04375,False,,1c0b6822188b8c2574d5e2becb56c0a9479c0e64ef0744d43601143e7d3f666e,False,0.17724979146808953,1.1102230246251565e-16,game-latent-state-shadow-v1,3229bbc83a4388c270a21008a75afacc3479cfd6f6390c8737f041412d2f2eb4,False
2025-18447419-3leg_mixed-9,18447419,player 69 ast < 1.5|player 69 fg3m < 0.5|player 1028255289 ast > 0.5,3,0.15605,0.0025661098719657344,0.16155,0.1579,0.147448642978,0.0,incumbent,0.16155,False,,1c0b6822188b8c2574d5e2becb56c0a9479c0e64ef0744d43601143e7d3f666e,False,0.17724979146808953,1.1102230246251565e-16,game-latent-state-shadow-v1,3229bbc83a4388c270a21008a75afacc3479cfd6f6390c8737f041412d2f2eb4,False
2025-18447419-3leg_cross_team-10,18447419,player 1028028379 pts > 3.5|player 3547268 reb < 5.5|player 38017721 pts > 19.5,3,0.14725,0.002505667949868857,0.15005,0.1451,0.14673000167,0.0,incumbent,0.15005,False,,1c0b6822188b8c2574d5e2becb56c0a9479c0e64ef0744d43601143e7d3f666e,False,0.17724979146808953,1.1102230246251565e-16,game-latent-state-shadow-v1,3229bbc83a4388c270a21008a75afacc3479cfd6f6390c8737f041412d2f2eb4,False
2025-18447419-3leg_cross_team-11,18447419,player 1057263194 fg3m > 3.5|player 3547268 pts > 8.5|player 191 pts > 18.5,3,0.0254,0.0011125385386583245,0.024,0.0247,0.025206331245,0.0,incumbent,0.024,False,,1c0b6822188b8c2574d5e2becb56c0a9479c0e64ef0744d43601143e7d3f666e,False,0.17724979146808953,1.1102230246251565e-16,game-latent-state-shadow-v1,3229bbc83a4388c270a21008a75afacc3479cfd6f6390c8737f041412d2f2eb4,False
2025-18447419-4leg_mixed-12,18447419,player 3547258 stl > 0.5|player 3547258 fg3m > 1.5|player 1057384362 pts > 6.5|player 3547268 ast < 0.5,4,0.0261,0.0011273595256172718,0.0284,0.02615,0.025477297410389996,0.0,incumbent,0.0284,False,,1c0b6822188b8c2574d5e2becb56c0a9479c0e64ef0744d43601143e7d3f666e,False,0.17724979146808953,1.1102230246251565e-16,game-latent-state-shadow-v1,3229bbc83a4388c270a21008a75afacc3479cfd6f6390c8737f041412d2f2eb4,False
2025-18447419-4leg_mixed-13,18447419,player 38017725 reb < 12.5|player 38017725 pts < 11.5|player 1057263194 ast < 3.5|player 69 ast < 2.5,4,0.1801,0.0027172043537430158,0.1839,0.17745,0.15570993181399076,0.0,incumbent,0.1839,False,,1c0b6822188b8c2574d5e2becb56c0a9479c0e64ef0744d43601143e7d3f666e,False,0.17724979146808953,1.1102230246251565e-16,game-latent-state-shadow-v1,3229bbc83a4388c270a21008a75afacc3479cfd6f6390c8737f041412d2f2eb4,False
2025-18447419-4leg_cross_team-14,18447419,player 38017725 ast > 2.5|player 3547258 reb < 1.5|player 38017721 reb > 5.5|player 56677582 pts < 8.5,4,0.03255,0.001254800731192009,0.03215,0.0334,0.03219716010966705,0.0,incumbent,0.03215,False,,1c0b6822188b8c2574d5e2becb56c0a9479c0e64ef0744d43601143e7d3f666e,False,0.17724979146808953,1.1102230246251565e-16,game-latent-state-shadow-v1,3229bbc83a4388c270a21008a75afacc3479cfd6f6390c8737f041412d2f2eb4,False
2025-18447419-4leg_cross_team-15,18447419,player 1057263194 reb < 6.5|player 1057384156 ast < 3.5|player 191 reb > 3.5|player 335 fg3m > 4.5,4,0.03885,0.001366394480009342,0.039,0.03855,0.039360889214523624,0.0,incumbent,0.039,False,,1c0b6822188b8c2574d5e2becb56c0a9479c0e64ef0744d43601143e7d3f666e,False,0.17724979146808953,1.1102230246251565e-16,game-latent-state-shadow-v1,3229bbc83a4388c270a21008a75afacc3479cfd6f6390c8737f041412d2f2eb4,False
2025-18447540-2leg_same_player-0,18447540,player 3547248 reb < 3.5|player 3547248 fg3m > 1.5,2,0.1936,0.002793913384484208,0.1898,0.19355,0.206719755,0.0,incumbent,0.1898,False,,1c0b6822188b8c2574d5e2becb56c0a9479c0e64ef0744d43601143e7d3f666e,False,0.14897767563386716,1.1102230246251565e-16,game-latent-state-shadow-v1,3229bbc83a4388c270a21008a75afacc3479cfd6f6390c8737f041412d2f2eb4,False
2025-18447540-2leg_same_player-1,18447540,player 452 ast > 2.5|player 452 fg3m > 2.5,2,0.0948,0.002071387940488213,0.0843,0.09485,0.08707215,0.0,incumbent,0.0843,False,,1c0b6822188b8c2574d5e2becb56c0a9479c0e64ef0744d43601143e7d3f666e,False,0.14897767563386716,1.1102230246251565e-16,game-latent-state-shadow-v1,3229bbc83a4388c270a21008a75afacc3479cfd6f6390c8737f041412d2f2eb4,False
2025-18447540-2leg_same_team-2,18447540,player 64270026 ast < 1.5|player 452 reb < 8.5,2,0.5808,0.003489064057881426,0.579,0.58005,0.58092111,0.0,incumbent,0.579,False,,1c0b6822188b8c2574d5e2becb56c0a9479c0e64ef0744d43601143e7d3f666e,False,0.14897767563386716,1.1102230246251565e-16,game-latent-state-shadow-v1,3229bbc83a4388c270a21008a75afacc3479cfd6f6390c8737f041412d2f2eb4,False
2025-18447540-2leg_same_team-3,18447540,player 1028265377 ast < 3.5|player 666956 stl > 1.5,2,0.1096,0.0022089345848168526,0.1144,0.1108,0.111120895,0.0,incumbent,0.1144,False,,1c0b6822188b8c2574d5e2becb56c0a9479c0e64ef0744d43601143e7d3f666e,False,0.14897767563386716,1.1102230246251565e-16,game-latent-state-shadow-v1,3229bbc83a4388c270a21008a75afacc3479cfd6f6390c8737f041412d2f2eb4,False
2025-18447540-2leg_cross_team-4,18447540,player 3547247 ast < 1.5|player 3547251 reb < 2.5,2,0.2513,0.003067151039645749,0.25325,0.2517,0.25471828750000003,0.0,incumbent,0.25325,False,,1c0b6822188b8c2574d5e2becb56c0a9479c0e64ef0744d43601143e7d3f666e,False,0.14897767563386716,1.1102230246251565e-16,game-latent-state-shadow-v1,3229bbc83a4388c270a21008a75afacc3479cfd6f6390c8737f041412d2f2eb4,False
2025-18447540-2leg_cross_team-5,18447540,player 452 ast > 2.5|player 1028025177 reb > 7.5,2,0.07165,0.0018236814072090553,0.0734,0.0716,0.07267821,0.0,incumbent,0.0734,False,,1c0b6822188b8c2574d5e2becb56c0a9479c0e64ef0744d43601143e7d3f666e,False,0.14897767563386716,1.1102230246251565e-16,game-latent-state-shadow-v1,3229bbc83a4388c270a21008a75afacc3479cfd6f6390c8737f041412d2f2eb4,False
2025-18447540-3leg_same_team-6,18447540,player 3547248 reb > 3.5|player 1028025177 fg3m > 3.5|player 17895983 reb < 4.5,3,0.06585,0.0017537642016531186,0.06255,0.0651,0.065646501804,0.0,incumbent,0.06255,False,,1c0b6822188b8c2574d5e2becb56c0a9479c0e64ef0744d43601143e7d3f666e,False,0.14897767563386716,1.1102230246251565e-16,game-latent-state-shadow-v1,3229bbc83a4388c270a21008a75afacc3479cfd6f6390c8737f041412d2f2eb4,False
2025-18447540-3leg_same_team-7,18447540,player 17895983 pts > 17.5|player 3547247 ast < 1.5|player 1028265377 fg3m > 1.5,3,0.0366,0.0013277883867544558,0.0403,0.0394,0.03935073792525,0.0,incumbent,0.0403,False,,1c0b6822188b8c2574d5e2becb56c0a9479c0e64ef0744d43601143e7d3f666e,False,0.14897767563386716,1.1102230246251565e-16,game-latent-state-shadow-v1,3229bbc83a4388c270a21008a75afacc3479cfd6f6390c8737f041412d2f2eb4,False
2025-18447540-3leg_mixed-8,18447540,player 3089 pts < 7.5|player 3089 fg3m > 2.5|player 452 pts > 11.5,3,0.025,0.001103970108290981,0.02535,0.0243,0.10949900183887502,0.0,incumbent,0.02535,False,,1c0b6822188b8c2574d5e2becb56c0a9479c0e64ef0744d43601143e7d3f666e,False,0.14897767563386716,1.1102230246251565e-16,game-latent-state-shadow-v1,3229bbc83a4388c270a21008a75afacc3479cfd6f6390c8737f041412d2f2eb4,False
2025-18447540-3leg_mixed-9,18447540,player 38017719 fg3m > 0.5|player 38017719 reb > 3.5|player 666956 stl > 0.5,3,0.0941,0.0020645240371572333,0.09295,0.09395,0.082770469725,0.0,incumbent,0.09295,False,,1c0b6822188b8c2574d5e2becb56c0a9479c0e64ef0744d43601143e7d3f666e,False,0.14897767563386716,1.1102230246251565e-16,game-latent-state-shadow-v1,3229bbc83a4388c270a21008a75afacc3479cfd6f6390c8737f041412d2f2eb4,False
2025-18447540-3leg_cross_team-10,18447540,player 38017719 reb > 3.5|player 3089 ast < 1.5|player 265 stl < 1.5,3,0.1594,0.002588355076105286,0.1633,0.15915,0.16019621825375,0.0,incumbent,0.1633,False,,1c0b6822188b8c2574d5e2becb56c0a9479c0e64ef0744d43601143e7d3f666e,False,0.14897767563386716,1.1102230246251565e-16,game-latent-state-shadow-v1,3229bbc83a4388c270a21008a75afacc3479cfd6f6390c8737f041412d2f2eb4,False
2025-18447540-3leg_cross_team-11,18447540,player 3547248 fg3m < 2.5|player 3089 pts > 9.5|player 452 reb < 8.5,3,0.19845,0.002820173731350606,0.2041,0.1977,0.20035278250800004,0.0,incumbent,0.2041,False,,1c0b6822188b8c2574d5e2becb56c0a9479c0e64ef0744d43601143e7d3f666e,False,0.14897767563386716,1.1102230246251565e-16,game-latent-state-shadow-v1,3229bbc83a4388c270a21008a75afacc3479cfd6f6390c8737f041412d2f2eb4,False
2025-18447540-4leg_mixed-12,18447540,player 64270026 stl < 0.5|player 64270026 fg3m > 1.5|player 3089 stl > 0.5|player 3547264 fg3m > 1.5,4,0.04605,0.001482049214769874,0.04455,0.0454,0.048875775096923535,0.0,incumbent,0.04455,False,,1c0b6822188b8c2574d5e2becb56c0a9479c0e64ef0744d43601143e7d3f666e,False,0.14897767563386716,1.1102230246251565e-16,game-latent-state-shadow-v1,3229bbc83a4388c270a21008a75afacc3479cfd6f6390c8737f041412d2f2eb4,False
2025-18447540-4leg_mixed-13,18447540,player 3547247 ast > 2.5|player 3547247 stl < 1.5|player 17895983 pts < 17.5|player 265 ast > 4.5,4,0.0297,0.001200373067008753,0.0276,0.0295,0.030415496858375475,0.0,incumbent,0.0276,False,,1c0b6822188b8c2574d5e2becb56c0a9479c0e64ef0744d43601143e7d3f666e,False,0.14897767563386716,1.1102230246251565e-16,game-latent-state-shadow-v1,3229bbc83a4388c270a21008a75afacc3479cfd6f6390c8737f041412d2f2eb4,False
2025-18447540-4leg_cross_team-14,18447540,player 265 fg3m > 1.5|player 38017712 fg3m < 3.5|player 666956 fg3m < 3.5|player 1028265377 ast < 3.5,4,0.1354,0.0024193680993184977,0.13895,0.13575,0.13559564911291402,0.0,incumbent,0.13895,False,,1c0b6822188b8c2574d5e2becb56c0a9479c0e64ef0744d43601143e7d3f666e,False,0.14897767563386716,1.1102230246251565e-16,game-latent-state-shadow-v1,3229bbc83a4388c270a21008a75afacc3479cfd6f6390c8737f041412d2f2eb4,False
2025-18447540-4leg_cross_team-15,18447540,player 1028025177 ast < 2.5|player 17895983 pts > 14.5|player 64270026 pts > 8.5|player 265 reb < 6.5,4,0.04885,0.001524199421007632,0.04965,0.05035,0.051274440547765206,0.0,incumbent,0.04965,False,,1c0b6822188b8c2574d5e2becb56c0a9479c0e64ef0744d43601143e7d3f666e,False,0.14897767563386716,1.1102230246251565e-16,game-latent-state-shadow-v1,3229bbc83a4388c270a21008a75afacc3479cfd6f6390c8737f041412d2f2eb4,False
2025-18447660-2leg_same_player-0,18447660,player 17896078 ast > 2.5|player 17896078 fg3m > 1.5,2,0.1721,0.0026690971319905162,0.17275,0.1717,0.144651325,0.0,incumbent,0.17275,False,,1c0b6822188b8c2574d5e2becb56c0a9479c0e64ef0744d43601143e7d3f666e,False,0.11937633019665192,1.1102230246251565e-16,game-latent-state-shadow-v1,3229bbc83a4388c270a21008a75afacc3479cfd6f6390c8737f041412d2f2eb4,False
2025-18447660-2leg_same_player-1,18447660,player 56677833 fg3m < 1.5|player 56677833 ast < 4.5,2,0.3935,0.003454401178207303,0.3893,0.3928,0.37548104,0.0,incumbent,0.3893,False,,1c0b6822188b8c2574d5e2becb56c0a9479c0e64ef0744d43601143e7d3f666e,False,0.11937633019665192,1.1102230246251565e-16,game-latent-state-shadow-v1,3229bbc83a4388c270a21008a75afacc3479cfd6f6390c8737f041412d2f2eb4,False
2025-18447660-2leg_same_team-2,18447660,player 1028027372 reb > 2.5|player 480 reb > 3.5,2,0.21105,0.0028853760370183986,0.20875,0.20705,0.20868556500000002,0.0,incumbent,0.20875,False,,1c0b6822188b8c2574d5e2becb56c0a9479c0e64ef0744d43601143e7d3f666e,False,0.11937633019665192,1.1102230246251565e-16,game-latent-state-shadow-v1,3229bbc83a4388c270a21008a75afacc3479cfd6f6390c8737f041412d2f2eb4,False
2025-18447660-2leg_same_team-3,18447660,player 666541 ast < 2.5|player 480 stl > 1.5,2,0.11605,0.002264756029906974,0.11445,0.11715,0.11535603750000001,0.0,incumbent,0.11445,False,,1c0b6822188b8c2574d5e2becb56c0a9479c0e64ef0744d43601143e7d3f666e,False,0.11937633019665192,1.1102230246251565e-16,game-latent-state-shadow-v1,3229bbc83a4388c270a21008a75afacc3479cfd6f6390c8737f041412d2f2eb4,False
2025-18447660-2leg_cross_team-4,18447660,player 3547270 reb > 6.5|player 3547272 fg3m > 2.5,2,0.2544,0.0030796155604230864,0.25305,0.25565,0.254292155,0.0,incumbent,0.25305,False,,1c0b6822188b8c2574d5e2becb56c0a9479c0e64ef0744d43601143e7d3f666e,False,0.11937633019665192,1.1102230246251565e-16,game-latent-state-shadow-v1,3229bbc83a4388c270a21008a75afacc3479cfd6f6390c8737f041412d2f2eb4,False
2025-18447660-2leg_cross_team-5,18447660,player 277 ast < 2.5|player 3547272 fg3m < 2.5,2,0.24055,0.0030222979460999538,0.22935,0.23965,0.236184855,0.0,incumbent,0.22935,False,,1c0b6822188b8c2574d5e2becb56c0a9479c0e64ef0744d43601143e7d3f666e,False,0.11937633019665192,1.1102230246251565e-16,game-latent-state-shadow-v1,3229bbc83a4388c270a21008a75afacc3479cfd6f6390c8737f041412d2f2eb4,False
2025-18447660-3leg_same_team-6,18447660,player 17896075 fg3m > 1.5|player 397 fg3m < 2.5|player 666604 reb > 3.5,3,0.09055,0.002029170982199381,0.08965,0.09045,0.091014522588,0.0,incumbent,0.08965,False,,1c0b6822188b8c2574d5e2becb56c0a9479c0e64ef0744d43601143e7d3f666e,False,0.11937633019665192,1.1102230246251565e-16,game-latent-state-shadow-v1,3229bbc83a4388c270a21008a75afacc3479cfd6f6390c8737f041412d2f2eb4,False
2025-18447660-3leg_same_team-7,18447660,player 1028027372 reb < 3.5|player 3547272 reb < 3.5|player 480 ast > 2.5,3,0.09345,0.0020581192567487435,0.0976,0.0948,0.09301590768124998,0.0,incumbent,0.0976,False,,1c0b6822188b8c2574d5e2becb56c0a9479c0e64ef0744d43601143e7d3f666e,False,0.11937633019665192,1.1102230246251565e-16,game-latent-state-shadow-v1,3229bbc83a4388c270a21008a75afacc3479cfd6f6390c8737f041412d2f2eb4,False
2025-18447660-3leg_mixed-8,18447660,player 3547272 reb < 3.5|player 3547272 ast < 3.5|player 17896078 ast > 1.5,3,0.2735,0.003151965656538789,0.27995,0.2737,0.262033588684,0.0,incumbent,0.27995,False,,1c0b6822188b8c2574d5e2becb56c0a9479c0e64ef0744d43601143e7d3f666e,False,0.11937633019665192,1.1102230246251565e-16,game-latent-state-shadow-v1,3229bbc83a4388c270a21008a75afacc3479cfd6f6390c8737f041412d2f2eb4,False
2025-18447660-3leg_mixed-9,18447660,player 17896078 ast < 2.5|player 17896078 reb > 4.5|player 1028028932 fg3m > 0.5,3,0.08795,0.002002683168901162,0.0917,0.0873,0.10406517384375003,0.0,incumbent,0.0917,False,,1c0b6822188b8c2574d5e2becb56c0a9479c0e64ef0744d43601143e7d3f666e,False,0.11937633019665192,1.1102230246251565e-16,game-latent-state-shadow-v1,3229bbc83a4388c270a21008a75afacc3479cfd6f6390c8737f041412d2f2eb4,False
2025-18447660-3leg_cross_team-10,18447660,player 56677833 fg3m < 2.5|player 1028240128 ast < 4.5|player 3547270 fg3m > 0.5,3,0.1483,0.0025130371067694163,0.15135,0.1488,0.14986042677900002,0.0,incumbent,0.15135,False,,1c0b6822188b8c2574d5e2becb56c0a9479c0e64ef0744d43601143e7d3f666e,False,0.11937633019665192,1.1102230246251565e-16,game-latent-state-shadow-v1,3229bbc83a4388c270a21008a75afacc3479cfd6f6390c8737f041412d2f2eb4,False
2025-18447660-3leg_cross_team-11,18447660,player 1028027372 reb > 2.5|player 56677826 pts > 7.5|player 3547270 fg3m > 0.5,3,0.07415,0.001852724716464915,0.0737,0.07455,0.07329777701400002,0.0,incumbent,0.0737,False,,1c0b6822188b8c2574d5e2becb56c0a9479c0e64ef0744d43601143e7d3f666e,False,0.11937633019665192,1.1102230246251565e-16,game-latent-state-shadow-v1,3229bbc83a4388c270a21008a75afacc3479cfd6f6390c8737f041412d2f2eb4,False
2025-18447660-4leg_mixed-12,18447660,player 56677833 ast < 3.5|player 56677833 stl > 2.5|player 1028028932 fg3m > 0.5|player 277 stl < 1.5,4,0.0488,0.001523459221640015,0.05235,0.0506,0.0592387971731828,0.0,incumbent,0.05235,False,,1c0b6822188b8c2574d5e2becb56c0a9479c0e64ef0744d43601143e7d3f666e,False,0.11937633019665192,1.1102230246251565e-16,game-latent-state-shadow-v1,3229bbc83a4388c270a21008a75afacc3479cfd6f6390c8737f041412d2f2eb4,False
2025-18447660-4leg_mixed-13,18447660,player 200 reb > 6.5|player 200 ast > 1.5|player 3547270 fg3m > 0.5|player 1028027372 fg3m > 1.5,4,0.0299,0.0012042838120642492,0.02575,0.0288,0.025481433770307902,0.0,incumbent,0.02575,False,,1c0b6822188b8c2574d5e2becb56c0a9479c0e64ef0744d43601143e7d3f666e,False,0.11937633019665192,1.1102230246251565e-16,game-latent-state-shadow-v1,3229bbc83a4388c270a21008a75afacc3479cfd6f6390c8737f041412d2f2eb4,False
2025-18447660-4leg_cross_team-14,18447660,player 1028028932 stl > 0.5|player 38017706 stl < 0.5|player 666604 reb > 2.5|player 38017694 fg3m > 0.5,4,0.0004,0.00014139306913706908,0.0006,0.00045,0.0005119164261028125,0.0,incumbent,0.0006,False,,1c0b6822188b8c2574d5e2becb56c0a9479c0e64ef0744d43601143e7d3f666e,False,0.11937633019665192,1.1102230246251565e-16,game-latent-state-shadow-v1,3229bbc83a4388c270a21008a75afacc3479cfd6f6390c8737f041412d2f2eb4,False
2025-18447660-4leg_cross_team-15,18447660,player 1028028932 pts > 3.5|player 56677833 stl > 2.5|player 56677826 pts > 9.5|player 17896075 pts > 23.5,4,0.0486,0.0015204939986727998,0.04555,0.0474,0.0468239630202883,0.0,incumbent,0.04555,False,,1c0b6822188b8c2574d5e2becb56c0a9479c0e64ef0744d43601143e7d3f666e,False,0.11937633019665192,1.1102230246251565e-16,game-latent-state-shadow-v1,3229bbc83a4388c270a21008a75afacc3479cfd6f6390c8737f041412d2f2eb4,False
2025-18447780-2leg_same_player-0,18447780,player 56677861 reb > 3.5|player 56677861 fg3m > 2.5,2,0.0782,0.001898483078670969,0.0805,0.07895,0.06588630499999999,0.0,incumbent,0.0805,False,,1c0b6822188b8c2574d5e2becb56c0a9479c0e64ef0744d43601143e7d3f666e,False,0.1560080575845707,1.1102230246251565e-16,game-latent-state-shadow-v1,3229bbc83a4388c270a21008a75afacc3479cfd6f6390c8737f041412d2f2eb4,False
2025-18447780-2leg_same_player-1,18447780,player 3547250 reb < 3.5|player 3547250 stl > 0.5,2,0.2048,0.002853567591629818,0.21185,0.20425,0.22642668,0.0,incumbent,0.21185,False,,1c0b6822188b8c2574d5e2becb56c0a9479c0e64ef0744d43601143e7d3f666e,False,0.1560080575845707,1.1102230246251565e-16,game-latent-state-shadow-v1,3229bbc83a4388c270a21008a75afacc3479cfd6f6390c8737f041412d2f2eb4,False
2025-18447780-2leg_same_team-2,18447780,player 399 stl > 0.5|player 18 ast < 3.5,2,0.39725,0.0034600754146405536,0.40405,0.3985,0.40013865,0.0,incumbent,0.40405,False,,1c0b6822188b8c2574d5e2becb56c0a9479c0e64ef0744d43601143e7d3f666e,False,0.1560080575845707,1.1102230246251565e-16,game-latent-state-shadow-v1,3229bbc83a4388c270a21008a75afacc3479cfd6f6390c8737f041412d2f2eb4,False
2025-18447780-2leg_same_team-3,18447780,player 1057393207 pts > 8.5|player 17896097 ast > 3.5,2,0.12075,0.002304012125619134,0.1154,0.11255,0.11176530000000001,0.0,incumbent,0.1154,False,,1c0b6822188b8c2574d5e2becb56c0a9479c0e64ef0744d43601143e7d3f666e,False,0.1560080575845707,1.1102230246251565e-16,game-latent-state-shadow-v1,3229bbc83a4388c270a21008a75afacc3479cfd6f6390c8737f041412d2f2eb4,False
2025-18447780-2leg_cross_team-4,18447780,player 61 ast > 2.5|player 38017507 stl > 1.5,2,0.14915,0.002518970796773952,0.1489,0.1482,0.15081234500000001,0.0,incumbent,0.1489,False,,1c0b6822188b8c2574d5e2becb56c0a9479c0e64ef0744d43601143e7d3f666e,False,0.1560080575845707,1.1102230246251565e-16,game-latent-state-shadow-v1,3229bbc83a4388c270a21008a75afacc3479cfd6f6390c8737f041412d2f2eb4,False
2025-18447780-2leg_cross_team-5,18447780,player 1057393207 fg3m > 1.5|player 493 stl > 0.5,2,0.0848,0.001969885275847302,0.08965,0.0853,0.0876469875,0.0,incumbent,0.08965,False,,1c0b6822188b8c2574d5e2becb56c0a9479c0e64ef0744d43601143e7d3f666e,False,0.1560080575845707,1.1102230246251565e-16,game-latent-state-shadow-v1,3229bbc83a4388c270a21008a75afacc3479cfd6f6390c8737f041412d2f2eb4,False
2025-18447780-3leg_same_team-6,18447780,player 3547250 pts > 12.5|player 19465584 stl > 1.5|player 56677861 fg3m > 1.5,3,0.01815,0.0009439432583582554,0.01905,0.0183,0.017589845625,0.0,incumbent,0.01905,False,,1c0b6822188b8c2574d5e2becb56c0a9479c0e64ef0744d43601143e7d3f666e,False,0.1560080575845707,1.1102230246251565e-16,game-latent-state-shadow-v1,3229bbc83a4388c270a21008a75afacc3479cfd6f6390c8737f041412d2f2eb4,False
2025-18447780-3leg_same_team-7,18447780,player 56677861 reb < 3.5|player 17896103 reb < 6.5|player 3547250 stl > 1.5,3,0.0824,0.0019443538772558869,0.07915,0.08265,0.08147863557625,0.0,incumbent,0.07915,False,,1c0b6822188b8c2574d5e2becb56c0a9479c0e64ef0744d43601143e7d3f666e,False,0.1560080575845707,1.1102230246251565e-16,game-latent-state-shadow-v1,3229bbc83a4388c270a21008a75afacc3479cfd6f6390c8737f041412d2f2eb4,False
2025-18447780-3leg_mixed-8,18447780,player 399 stl > 1.5|player 399 fg3m < 0.5|player 18 ast > 1.5,3,0.1046,0.002164010628439703,0.09965,0.1039,0.10152333282,0.0,incumbent,0.09965,False,,1c0b6822188b8c2574d5e2becb56c0a9479c0e64ef0744d43601143e7d3f666e,False,0.1560080575845707,1.1102230246251565e-16,game-latent-state-shadow-v1,3229bbc83a4388c270a21008a75afacc3479cfd6f6390c8737f041412d2f2eb4,False
2025-18447780-3leg_mixed-9,18447780,player 38017507 fg3m > 2.5|player 38017507 pts < 11.5|player 56677832 stl > 1.5,3,0.0078,0.0006220594826863424,0.00675,0.0077,0.028364434059375002,0.0,incumbent,0.00675,False,,1c0b6822188b8c2574d5e2becb56c0a9479c0e64ef0744d43601143e7d3f666e,False,0.1560080575845707,1.1102230246251565e-16,game-latent-state-shadow-v1,3229bbc83a4388c270a21008a75afacc3479cfd6f6390c8737f041412d2f2eb4,False
2025-18447780-3leg_cross_team-10,18447780,player 3547250 fg3m < 2.5|player 399 ast > 0.5|player 100 fg3m > 1.5,3,0.0941,0.0020645240371572333,0.0857,0.08895,0.089232487424,0.0,incumbent,0.0857,False,,1c0b6822188b8c2574d5e2becb56c0a9479c0e64ef0744d43601143e7d3f666e,False,0.1560080575845707,1.1102230246251565e-16,game-latent-state-shadow-v1,3229bbc83a4388c270a21008a75afacc3479cfd6f6390c8737f041412d2f2eb4,False
2025-18447780-3leg_cross_team-11,18447780,player 19465584 reb > 6.5|player 1057393207 pts < 5.5|player 100 stl < 0.5,3,0.0914,0.002037719804094763,0.09185,0.0903,0.09252390001274999,0.0,incumbent,0.09185,False,,1c0b6822188b8c2574d5e2becb56c0a9479c0e64ef0744d43601143e7d3f666e,False,0.1560080575845707,1.1102230246251565e-16,game-latent-state-shadow-v1,3229bbc83a4388c270a21008a75afacc3479cfd6f6390c8737f041412d2f2eb4,False
2025-18447780-4leg_mixed-12,18447780,player 3547243 pts > 5.5|player 3547243 fg3m < 1.5|player 56677861 stl < 0.5|player 1057393207 pts > 5.5,4,0.1372,0.0024328600452964816,0.13945,0.1374,0.15926527391528933,0.0,incumbent,0.13945,False,,1c0b6822188b8c2574d5e2becb56c0a9479c0e64ef0744d43601143e7d3f666e,False,0.1560080575845707,1.1102230246251565e-16,game-latent-state-shadow-v1,3229bbc83a4388c270a21008a75afacc3479cfd6f6390c8737f041412d2f2eb4,False
2025-18447780-4leg_mixed-13,18447780,player 18 ast > 1.5|player 18 pts > 13.5|player 61 reb > 4.5|player 56677832 fg3m > 1.5,4,0.0698,0.0018017763457210776,0.06575,0.0696,0.06572504317396877,0.0,incumbent,0.06575,False,,1c0b6822188b8c2574d5e2becb56c0a9479c0e64ef0744d43601143e7d3f666e,False,0.1560080575845707,1.1102230246251565e-16,game-latent-state-shadow-v1,3229bbc83a4388c270a21008a75afacc3479cfd6f6390c8737f041412d2f2eb4,False
2025-18447780-4leg_cross_team-14,18447780,player 1057393207 stl < 0.5|player 17896097 pts > 6.5|player 304 ast < 4.5|player 38017507 ast < 5.5,4,0.06605,0.0017562374198837696,0.06385,0.06645,0.06525848159813578,0.0,incumbent,0.06385,False,,1c0b6822188b8c2574d5e2becb56c0a9479c0e64ef0744d43601143e7d3f666e,False,0.1560080575845707,1.1102230246251565e-16,game-latent-state-shadow-v1,3229bbc83a4388c270a21008a75afacc3479cfd6f6390c8737f041412d2f2eb4,False
2025-18447780-4leg_cross_team-15,18447780,player 19465584 ast > 2.5|player 3547250 reb > 3.5|player 61 pts > 9.5|player 17896097 fg3m < 1.5,4,0.05095,0.0015548970625092837,0.04965,0.0502,0.052092710037839995,0.0,incumbent,0.04965,False,,1c0b6822188b8c2574d5e2becb56c0a9479c0e64ef0744d43601143e7d3f666e,False,0.1560080575845707,1.1102230246251565e-16,game-latent-state-shadow-v1,3229bbc83a4388c270a21008a75afacc3479cfd6f6390c8737f041412d2f2eb4,False
2025-18447900-2leg_same_player-0,18447900,player 666581 reb < 2.5|player 666581 pts > 16.5,2,0.30175,0.003245742884918644,0.30335,0.30315,0.33303021,0.0,incumbent,0.30335,False,,1c0b6822188b8c2574d5e2becb56c0a9479c0e64ef0744d43601143e7d3f666e,False,0.14762414396156626,1.1102230246251565e-16,game-latent-state-shadow-v1,3229bbc83a4388c270a21008a75afacc3479cfd6f6390c8737f041412d2f2eb4,False
2025-18447900-2leg_same_player-1,18447900,player 3089 pts < 8.5|player 3089 reb > 2.5,2,0.0708,0.0018136614899148078,0.0736,0.0712,0.09689470000000001,0.0,incumbent,0.0736,False,,1c0b6822188b8c2574d5e2becb56c0a9479c0e64ef0744d43601143e7d3f666e,False,0.14762414396156626,1.1102230246251565e-16,game-latent-state-shadow-v1,3229bbc83a4388c270a21008a75afacc3479cfd6f6390c8737f041412d2f2eb4,False
2025-18447900-2leg_same_team-2,18447900,player 1057396055 stl > 0.5|player 101 reb > 5.5,2,0.19995,0.0028281619251733095,0.20555,0.20025,0.1983915925,0.0,incumbent,0.20555,False,,1c0b6822188b8c2574d5e2becb56c0a9479c0e64ef0744d43601143e7d3f666e,False,0.14762414396156626,1.1102230246251565e-16,game-latent-state-shadow-v1,3229bbc83a4388c270a21008a75afacc3479cfd6f6390c8737f041412d2f2eb4,False
2025-18447900-2leg_same_team-3,18447900,player 139 stl > 2.5|player 666581 stl > 0.5,2,0.18195,0.002728041399062705,0.1814,0.182,0.18040308750000003,0.0,incumbent,0.1814,False,,1c0b6822188b8c2574d5e2becb56c0a9479c0e64ef0744d43601143e7d3f666e,False,0.14762414396156626,1.1102230246251565e-16,game-latent-state-shadow-v1,3229bbc83a4388c270a21008a75afacc3479cfd6f6390c8737f041412d2f2eb4,False
2025-18447900-2leg_cross_team-4,18447900,player 283 stl < 0.5|player 1028266882 ast < 0.5,2,0.2105,0.0028826181675691977,0.20745,0.2105,0.20797314500000003,0.0,incumbent,0.20745,False,,1c0b6822188b8c2574d5e2becb56c0a9479c0e64ef0744d43601143e7d3f666e,False,0.14762414396156626,1.1102230246251565e-16,game-latent-state-shadow-v1,3229bbc83a4388c270a21008a75afacc3479cfd6f6390c8737f041412d2f2eb4,False
2025-18447900-2leg_cross_team-5,18447900,player 38017733 stl > 0.5|player 1057396055 ast > 1.5,2,0.17565,0.002690697655813451,0.1798,0.17595,0.17538020499999998,0.0,incumbent,0.1798,False,,1c0b6822188b8c2574d5e2becb56c0a9479c0e64ef0744d43601143e7d3f666e,False,0.14762414396156626,1.1102230246251565e-16,game-latent-state-shadow-v1,3229bbc83a4388c270a21008a75afacc3479cfd6f6390c8737f041412d2f2eb4,False
2025-18447900-3leg_same_team-6,18447900,player 33 fg3m > 1.5|player 101 pts < 14.5|player 1057396055 pts > 6.5,3,0.12535,0.0023413391200336614,0.12505,0.1244,0.120586173519,0.0,incumbent,0.12505,False,,1c0b6822188b8c2574d5e2becb56c0a9479c0e64ef0744d43601143e7d3f666e,False,0.14762414396156626,1.1102230246251565e-16,game-latent-state-shadow-v1,3229bbc83a4388c270a21008a75afacc3479cfd6f6390c8737f041412d2f2eb4,False
2025-18447900-3leg_same_team-7,18447900,player 64270026 reb > 5.5|player 1028266882 ast > 1.5|player 383 ast < 1.5,3,0.04215,0.001420798675041612,0.0421,0.0411,0.04152784353025,0.0,incumbent,0.0421,False,,1c0b6822188b8c2574d5e2becb56c0a9479c0e64ef0744d43601143e7d3f666e,False,0.14762414396156626,1.1102230246251565e-16,game-latent-state-shadow-v1,3229bbc83a4388c270a21008a75afacc3479cfd6f6390c8737f041412d2f2eb4,False
2025-18447900-3leg_mixed-8,18447900,player 17896063 stl < 0.5|player 17896063 ast < 2.5|player 38017716 ast < 3.5,3,0.28295,0.00318503765676326,0.2799,0.28325,0.27058145227524993,0.0,incumbent,0.2799,False,,1c0b6822188b8c2574d5e2becb56c0a9479c0e64ef0744d43601143e7d3f666e,False,0.14762414396156626,1.1102230246251565e-16,game-latent-state-shadow-v1,3229bbc83a4388c270a21008a75afacc3479cfd6f6390c8737f041412d2f2eb4,False
2025-18447900-3leg_mixed-9,18447900,player 1057396055 pts < 5.5|player 1057396055 reb < 1.5|player 56677856 reb < 2.5,3,0.103,0.0021493138439976603,0.1054,0.1024,0.07914352232800001,0.0,incumbent,0.1054,False,,1c0b6822188b8c2574d5e2becb56c0a9479c0e64ef0744d43601143e7d3f666e,False,0.14762414396156626,1.1102230246251565e-16,game-latent-state-shadow-v1,3229bbc83a4388c270a21008a75afacc3479cfd6f6390c8737f041412d2f2eb4,False
2025-18447900-3leg_cross_team-10,18447900,player 383 pts > 7.5|player 666581 stl < 1.5|player 1057396055 reb > 1.5,3,0.195,0.002801562064277713,0.19595,0.19615,0.19394439573599997,0.0,incumbent,0.19595,False,,1c0b6822188b8c2574d5e2becb56c0a9479c0e64ef0744d43601143e7d3f666e,False,0.14762414396156626,1.1102230246251565e-16,game-latent-state-shadow-v1,3229bbc83a4388c270a21008a75afacc3479cfd6f6390c8737f041412d2f2eb4,False
2025-18447900-3leg_cross_team-11,18447900,player 33 stl < 1.5|player 383 reb > 3.5|player 38017716 stl > 0.5,3,0.18335,0.002736172303602242,0.1822,0.18405,0.184369714191,0.0,incumbent,0.1822,False,,1c0b6822188b8c2574d5e2becb56c0a9479c0e64ef0744d43601143e7d3f666e,False,0.14762414396156626,1.1102230246251565e-16,game-latent-state-shadow-v1,3229bbc83a4388c270a21008a75afacc3479cfd6f6390c8737f041412d2f2eb4,False
2025-18447900-4leg_mixed-12,18447900,player 56677852 stl > 1.5|player 56677852 fg3m > 0.5|player 38017733 fg3m > 2.5|player 666581 stl < 1.5,4,0.0189,0.0009628808337483928,0.0172,0.01875,0.015614591475540751,0.0,incumbent,0.0172,False,,1c0b6822188b8c2574d5e2becb56c0a9479c0e64ef0744d43601143e7d3f666e,False,0.14762414396156626,1.1102230246251565e-16,game-latent-state-shadow-v1,3229bbc83a4388c270a21008a75afacc3479cfd6f6390c8737f041412d2f2eb4,False
2025-18447900-4leg_mixed-13,18447900,player 3089 fg3m > 2.5|player 3089 ast > 1.5|player 38017716 pts > 13.5|player 33 ast > 1.5,4,0.0158,0.0008817698112319338,0.01485,0.01435,0.013305786935052152,0.0,incumbent,0.01485,False,,1c0b6822188b8c2574d5e2becb56c0a9479c0e64ef0744d43601143e7d3f666e,False,0.14762414396156626,1.1102230246251565e-16,game-latent-state-shadow-v1,3229bbc83a4388c270a21008a75afacc3479cfd6f6390c8737f041412d2f2eb4,False
2025-18447900-4leg_cross_team-14,18447900,player 56677852 fg3m < 0.5|player 64270026 ast < 1.5|player 33 reb > 3.5|player 1057396055 ast < 2.5,4,0.0636,0.0017256164116048504,0.06105,0.0609,0.06337836158745501,0.0,incumbent,0.06105,False,,1c0b6822188b8c2574d5e2becb56c0a9479c0e64ef0744d43601143e7d3f666e,False,0.14762414396156626,1.1102230246251565e-16,game-latent-state-shadow-v1,3229bbc83a4388c270a21008a75afacc3479cfd6f6390c8737f041412d2f2eb4,False
2025-18447900-4leg_cross_team-15,18447900,player 3089 stl > 1.5|player 383 ast > 1.5|player 33 ast < 0.5|player 56677856 ast < 2.5,4,0.0206,0.001004381401659748,0.021,0.02085,0.021518169552634303,0.0,incumbent,0.021,False,,1c0b6822188b8c2574d5e2becb56c0a9479c0e64ef0744d43601143e7d3f666e,False,0.14762414396156626,1.1102230246251565e-16,game-latent-state-shadow-v1,3229bbc83a4388c270a21008a75afacc3479cfd6f6390c8737f041412d2f2eb4,False
2025-20054034-2leg_same_player-0,20054034,player 17554004 pts < 5.5|player 17554004 fg3m > 1.5,2,0.01795,0.0009388236655517372,0.0193,0.0183,0.108541875,0.0,incumbent,0.0193,False,,1c0b6822188b8c2574d5e2becb56c0a9479c0e64ef0744d43601143e7d3f666e,False,0.19754459122106402,1.1102230246251565e-16,game-latent-state-shadow-v1,3229bbc83a4388c270a21008a75afacc3479cfd6f6390c8737f041412d2f2eb4,False
2025-20054034-2leg_same_player-1,20054034,player 61 reb > 4.5|player 61 pts > 11.5,2,0.25565,0.0030845832579134576,0.2582,0.2565,0.23181782249999996,0.0,incumbent,0.2582,False,,1c0b6822188b8c2574d5e2becb56c0a9479c0e64ef0744d43601143e7d3f666e,False,0.19754459122106402,1.1102230246251565e-16,game-latent-state-shadow-v1,3229bbc83a4388c270a21008a75afacc3479cfd6f6390c8737f041412d2f2eb4,False
2025-20054034-2leg_same_team-2,20054034,player 61 ast < 3.5|player 399 ast > 0.5,2,0.2651,0.003121073453156782,0.2587,0.2657,0.2640202,0.0,incumbent,0.2587,False,,1c0b6822188b8c2574d5e2becb56c0a9479c0e64ef0744d43601143e7d3f666e,False,0.19754459122106402,1.1102230246251565e-16,game-latent-state-shadow-v1,3229bbc83a4388c270a21008a75afacc3479cfd6f6390c8737f041412d2f2eb4,False
2025-20054034-2leg_same_team-3,20054034,player 61 fg3m > 2.5|player 1028036898 reb > 1.5,2,0.1167,0.002270254501151798,0.1195,0.1167,0.11641499999999999,0.0,incumbent,0.1195,False,,1c0b6822188b8c2574d5e2becb56c0a9479c0e64ef0744d43601143e7d3f666e,False,0.19754459122106402,1.1102230246251565e-16,game-latent-state-shadow-v1,3229bbc83a4388c270a21008a75afacc3479cfd6f6390c8737f041412d2f2eb4,False
2025-20054034-2leg_cross_team-4,20054034,player 373 pts > 10.5|player 399 pts < 4.5,2,0.26255,0.003111410431781702,0.269,0.26465,0.2641782,0.0,incumbent,0.269,False,,1c0b6822188b8c2574d5e2becb56c0a9479c0e64ef0744d43601143e7d3f666e,False,0.19754459122106402,1.1102230246251565e-16,game-latent-state-shadow-v1,3229bbc83a4388c270a21008a75afacc3479cfd6f6390c8737f041412d2f2eb4,False
2025-20054034-2leg_cross_team-5,20054034,player 227 stl > 1.5|player 202 reb < 10.5,2,0.11185,0.0022286719980741895,0.118,0.1122,0.114173325,0.0,incumbent,0.118,False,,1c0b6822188b8c2574d5e2becb56c0a9479c0e64ef0744d43601143e7d3f666e,False,0.19754459122106402,1.1102230246251565e-16,game-latent-state-shadow-v1,3229bbc83a4388c270a21008a75afacc3479cfd6f6390c8737f041412d2f2eb4,False
2025-20054034-3leg_same_team-6,20054034,player 56677828 fg3m < 0.5|player 1028029111 ast > 1.5|player 373 pts < 12.5,3,0.1,0.0021213203435596424,0.1072,0.1045,0.104724658368,0.0,incumbent,0.1072,False,,1c0b6822188b8c2574d5e2becb56c0a9479c0e64ef0744d43601143e7d3f666e,False,0.19754459122106402,1.1102230246251565e-16,game-latent-state-shadow-v1,3229bbc83a4388c270a21008a75afacc3479cfd6f6390c8737f041412d2f2eb4,False
2025-20054034-3leg_same_team-7,20054034,player 61 ast > 4.5|player 399 reb < 8.5|player 73 ast > 6.5,3,0.09285,0.002052180273514001,0.09825,0.09265,0.09483051393749999,0.0,incumbent,0.09825,False,,1c0b6822188b8c2574d5e2becb56c0a9479c0e64ef0744d43601143e7d3f666e,False,0.19754459122106402,1.1102230246251565e-16,game-latent-state-shadow-v1,3229bbc83a4388c270a21008a75afacc3479cfd6f6390c8737f041412d2f2eb4,False
2025-20054034-3leg_mixed-8,20054034,player 17896059 fg3m < 2.5|player 17896059 stl > 0.5|player 1057268940 stl < 0.5,3,0.2045,0.0028520146388123606,0.2062,0.2052,0.212576872131,0.0,incumbent,0.2062,False,,1c0b6822188b8c2574d5e2becb56c0a9479c0e64ef0744d43601143e7d3f666e,False,0.19754459122106402,1.1102230246251565e-16,game-latent-state-shadow-v1,3229bbc83a4388c270a21008a75afacc3479cfd6f6390c8737f041412d2f2eb4,False
2025-20054034-3leg_mixed-9,20054034,player 399 reb < 8.5|player 399 ast > 1.5|player 202 ast < 6.5,3,0.08535,0.0019756692220612234,0.0867,0.0853,0.09844511403374999,0.0,incumbent,0.0867,False,,1c0b6822188b8c2574d5e2becb56c0a9479c0e64ef0744d43601143e7d3f666e,False,0.19754459122106402,1.1102230246251565e-16,game-latent-state-shadow-v1,3229bbc83a4388c270a21008a75afacc3479cfd6f6390c8737f041412d2f2eb4,False
2025-20054034-3leg_cross_team-10,20054034,player 56677828 fg3m < 1.5|player 399 stl < 0.5|player 202 pts < 10.5,3,0.1365,0.002427630017115458,0.1402,0.13585,0.136935399942,0.0,incumbent,0.1402,False,,1c0b6822188b8c2574d5e2becb56c0a9479c0e64ef0744d43601143e7d3f666e,False,0.19754459122106402,1.1102230246251565e-16,game-latent-state-shadow-v1,3229bbc83a4388c270a21008a75afacc3479cfd6f6390c8737f041412d2f2eb4,False
2025-20054034-3leg_cross_team-11,20054034,player 18 reb < 4.5|player 17896059 fg3m < 2.5|player 1028038426 pts > 7.5,3,0.24415,0.003037604134017466,0.2447,0.24325,0.24602926803974995,0.0,incumbent,0.2447,False,,1c0b6822188b8c2574d5e2becb56c0a9479c0e64ef0744d43601143e7d3f666e,False,0.19754459122106402,1.1102230246251565e-16,game-latent-state-shadow-v1,3229bbc83a4388c270a21008a75afacc3479cfd6f6390c8737f041412d2f2eb4,False
2025-20054034-4leg_mixed-12,20054034,player 202 reb > 8.5|player 202 pts < 14.5|player 61 fg3m < 2.5|player 1028038426 reb < 3.5,4,0.1488,0.0025165309455677273,0.15215,0.1491,0.1754693774484,0.0,incumbent,0.15215,False,,1c0b6822188b8c2574d5e2becb56c0a9479c0e64ef0744d43601143e7d3f666e,False,0.19754459122106402,1.1102230246251565e-16,game-latent-state-shadow-v1,3229bbc83a4388c270a21008a75afacc3479cfd6f6390c8737f041412d2f2eb4,False
2025-20054034-4leg_mixed-13,20054034,player 73 reb > 3.5|player 73 fg3m > 2.5|player 1028036898 reb > 1.5|player 38017620 pts > 5.5,4,0.03855,0.0013613210036578442,0.03875,0.03845,0.034291055415973194,0.0,incumbent,0.03875,False,,1c0b6822188b8c2574d5e2becb56c0a9479c0e64ef0744d43601143e7d3f666e,False,0.19754459122106402,1.1102230246251565e-16,game-latent-state-shadow-v1,3229bbc83a4388c270a21008a75afacc3479cfd6f6390c8737f041412d2f2eb4,False
2025-20054034-4leg_cross_team-14,20054034,player 1028029111 ast > 0.5|player 1057268940 reb > 3.5|player 1028036898 pts > 6.5|player 73 ast > 7.5,4,0.02825,0.0011715787958989357,0.02615,0.02605,0.026087232952941297,0.0,incumbent,0.02615,False,,1c0b6822188b8c2574d5e2becb56c0a9479c0e64ef0744d43601143e7d3f666e,False,0.19754459122106402,1.1102230246251565e-16,game-latent-state-shadow-v1,3229bbc83a4388c270a21008a75afacc3479cfd6f6390c8737f041412d2f2eb4,False
2025-20054034-4leg_cross_team-15,20054034,player 18 reb > 4.5|player 61 ast > 3.5|player 38017620 fg3m < 0.5|player 17896055 ast < 5.5,4,0.0588,0.0016634686651692601,0.06035,0.05845,0.05796125408703,0.0,incumbent,0.06035,False,,1c0b6822188b8c2574d5e2becb56c0a9479c0e64ef0744d43601143e7d3f666e,False,0.19754459122106402,1.1102230246251565e-16,game-latent-state-shadow-v1,3229bbc83a4388c270a21008a75afacc3479cfd6f6390c8737f041412d2f2eb4,False
2025-21716138-2leg_same_player-0,21716138,player 18 fg3m < 2.5|player 18 stl < 1.5,2,0.3666,0.0034073775840079714,0.37,0.3666,0.352285065,0.0,incumbent,0.37,False,,1c0b6822188b8c2574d5e2becb56c0a9479c0e64ef0744d43601143e7d3f666e,False,0.15963303772153456,1.1102230246251565e-16,game-latent-state-shadow-v1,3229bbc83a4388c270a21008a75afacc3479cfd6f6390c8737f041412d2f2eb4,False
2025-21716138-2leg_same_player-1,21716138,player 414 pts > 8.5|player 414 stl > 0.5,2,0.14965,0.002522447992526308,0.145,0.14975,0.1305726,0.0,incumbent,0.145,False,,1c0b6822188b8c2574d5e2becb56c0a9479c0e64ef0744d43601143e7d3f666e,False,0.15963303772153456,1.1102230246251565e-16,game-latent-state-shadow-v1,3229bbc83a4388c270a21008a75afacc3479cfd6f6390c8737f041412d2f2eb4,False
2025-21716138-2leg_same_team-2,21716138,player 18 pts > 15.5|player 414 fg3m > 1.5,2,0.23505,0.0029983453561923117,0.23835,0.23545,0.2372668175,0.0,incumbent,0.23835,False,,1c0b6822188b8c2574d5e2becb56c0a9479c0e64ef0744d43601143e7d3f666e,False,0.15963303772153456,1.1102230246251565e-16,game-latent-state-shadow-v1,3229bbc83a4388c270a21008a75afacc3479cfd6f6390c8737f041412d2f2eb4,False
2025-21716138-2leg_same_team-3,21716138,player 18 fg3m > 2.5|player 414 stl < 1.5,2,0.36975,0.0034134655227495707,0.3649,0.37,0.3706310075,0.0,incumbent,0.3649,False,,1c0b6822188b8c2574d5e2becb56c0a9479c0e64ef0744d43601143e7d3f666e,False,0.15963303772153456,1.1102230246251565e-16,game-latent-state-shadow-v1,3229bbc83a4388c270a21008a75afacc3479cfd6f6390c8737f041412d2f2eb4,False
2025-21716138-2leg_cross_team-4,21716138,player 666682 stl > 0.5|player 73 reb < 3.5,2,0.1526,0.002542766603524594,0.1478,0.15315,0.15383217749999997,0.0,incumbent,0.1478,False,,1c0b6822188b8c2574d5e2becb56c0a9479c0e64ef0744d43601143e7d3f666e,False,0.15963303772153456,1.1102230246251565e-16,game-latent-state-shadow-v1,3229bbc83a4388c270a21008a75afacc3479cfd6f6390c8737f041412d2f2eb4,False
2025-21716138-2leg_cross_team-5,21716138,player 3547246 reb < 6.5|player 414 pts < 5.5,2,0.3153,0.003285467318358227,0.3158,0.3144,0.3157483525,0.0,incumbent,0.3158,False,,1c0b6822188b8c2574d5e2becb56c0a9479c0e64ef0744d43601143e7d3f666e,False,0.15963303772153456,1.1102230246251565e-16,game-latent-state-shadow-v1,3229bbc83a4388c270a21008a75afacc3479cfd6f6390c8737f041412d2f2eb4,False
2025-21716138-3leg_same_team-6,21716138,player 3547246 reb > 4.5|player 1028025261 reb > 4.5|player 161 reb < 3.5,3,0.1211,0.0023068895725630216,0.12155,0.12195,0.12168794133199999,0.0,incumbent,0.12155,False,,1c0b6822188b8c2574d5e2becb56c0a9479c0e64ef0744d43601143e7d3f666e,False,0.15963303772153456,1.1102230246251565e-16,game-latent-state-shadow-v1,3229bbc83a4388c270a21008a75afacc3479cfd6f6390c8737f041412d2f2eb4,False
2025-21716138-3leg_same_team-7,21716138,player 414 stl > 0.5|player 73 ast < 6.5|player 18 reb > 5.5,3,0.11275,0.0022364865023066873,0.109,0.1132,0.110150790525,0.0,incumbent,0.109,False,,1c0b6822188b8c2574d5e2becb56c0a9479c0e64ef0744d43601143e7d3f666e,False,0.15963303772153456,1.1102230246251565e-16,game-latent-state-shadow-v1,3229bbc83a4388c270a21008a75afacc3479cfd6f6390c8737f041412d2f2eb4,False
2025-21716138-3leg_mixed-8,21716138,player 202 stl < 0.5|player 202 ast < 5.5|player 447 reb < 9.5,3,0.10715,0.002187108564977971,0.1097,0.1072,0.100989980928,0.0,incumbent,0.1097,False,,1c0b6822188b8c2574d5e2becb56c0a9479c0e64ef0744d43601143e7d3f666e,False,0.15963303772153456,1.1102230246251565e-16,game-latent-state-shadow-v1,3229bbc83a4388c270a21008a75afacc3479cfd6f6390c8737f041412d2f2eb4,False
2025-21716138-3leg_mixed-9,21716138,player 414 ast > 1.5|player 414 fg3m > 1.5|player 202 ast < 4.5,3,0.0874,0.001997013269860769,0.089,0.0892,0.0731306135945,0.0,incumbent,0.089,False,,1c0b6822188b8c2574d5e2becb56c0a9479c0e64ef0744d43601143e7d3f666e,False,0.15963303772153456,1.1102230246251565e-16,game-latent-state-shadow-v1,3229bbc83a4388c270a21008a75afacc3479cfd6f6390c8737f041412d2f2eb4,False
2025-21716138-3leg_cross_team-10,21716138,player 73 reb > 3.5|player 1057262518 fg3m > 1.5|player 1028025261 fg3m > 2.5,3,0.03305,0.001264074711004061,0.0341,0.03345,0.034170737977125,0.0,incumbent,0.0341,False,,1c0b6822188b8c2574d5e2becb56c0a9479c0e64ef0744d43601143e7d3f666e,False,0.15963303772153456,1.1102230246251565e-16,game-latent-state-shadow-v1,3229bbc83a4388c270a21008a75afacc3479cfd6f6390c8737f041412d2f2eb4,False
2025-21716138-3leg_cross_team-11,21716138,player 18 fg3m > 3.5|player 1057262518 fg3m < 1.5|player 56677822 ast < 4.5,3,0.10705,0.0021862101625873026,0.104,0.1068,0.106706246163,0.0,incumbent,0.104,False,,1c0b6822188b8c2574d5e2becb56c0a9479c0e64ef0744d43601143e7d3f666e,False,0.15963303772153456,1.1102230246251565e-16,game-latent-state-shadow-v1,3229bbc83a4388c270a21008a75afacc3479cfd6f6390c8737f041412d2f2eb4,False
2025-21716138-4leg_mixed-12,21716138,player 447 reb > 9.5|player 447 ast > 2.5|player 61 fg3m < 1.5|player 161 ast > 5.5,4,0.11665,0.002269832345130362,0.1195,0.11845,0.11563547298477696,0.0,incumbent,0.1195,False,,1c0b6822188b8c2574d5e2becb56c0a9479c0e64ef0744d43601143e7d3f666e,False,0.15963303772153456,1.1102230246251565e-16,game-latent-state-shadow-v1,3229bbc83a4388c270a21008a75afacc3479cfd6f6390c8737f041412d2f2eb4,False
2025-21716138-4leg_mixed-13,21716138,player 1028025261 pts < 17.5|player 1028025261 fg3m > 1.5|player 666682 stl > 0.5|player 414 stl < 0.5,4,0.0185,0.0009528313072102532,0.01925,0.01895,0.036441202434746627,0.0,incumbent,0.01925,False,,1c0b6822188b8c2574d5e2becb56c0a9479c0e64ef0744d43601143e7d3f666e,False,0.15963303772153456,1.1102230246251565e-16,game-latent-state-shadow-v1,3229bbc83a4388c270a21008a75afacc3479cfd6f6390c8737f041412d2f2eb4,False
2025-21716138-4leg_cross_team-14,21716138,player 1028025261 fg3m < 1.5|player 666682 pts > 8.5|player 202 ast > 5.5|player 18 fg3m < 2.5,4,0.02355,0.0010722732277735933,0.02395,0.0235,0.0254338496976582,0.0,incumbent,0.02395,False,,1c0b6822188b8c2574d5e2becb56c0a9479c0e64ef0744d43601143e7d3f666e,False,0.15963303772153456,1.1102230246251565e-16,game-latent-state-shadow-v1,3229bbc83a4388c270a21008a75afacc3479cfd6f6390c8737f041412d2f2eb4,False
2025-21716138-4leg_cross_team-15,21716138,player 1057262518 ast < 2.5|player 161 pts > 13.5|player 73 fg3m > 2.5|player 61 pts < 9.5,4,0.03405,0.0012823922469353906,0.03365,0.0351,0.03503945717609825,0.0,incumbent,0.03365,False,,1c0b6822188b8c2574d5e2becb56c0a9479c0e64ef0744d43601143e7d3f666e,False,0.15963303772153456,1.1102230246251565e-16,game-latent-state-shadow-v1,3229bbc83a4388c270a21008a75afacc3479cfd6f6390c8737f041412d2f2eb4,False
